ID,年,月,日,週（年）,週（月）,放送回数,今回,1回前,2回前,3回前,,,,,,,
1,1991,12,1,48,1,4,1,3,3,2,,,,,,,
2,1991,12,8,49,2,5,2,1,3,3,,,,,,,
3,1991,12,15,50,3,6,3,2,1,3,,,,,,,
4,1991,12,22,51,4,7,1,3,2,1,,,,,,,
5,1991,12,29,52,5,8,3,1,3,2,,,,,,,
6,1992,1,5,1,1,9,2,3,1,3,,第9回 1992年1月5日 チョキ,,,,,
7,1992,1,12,2,2,10,1,2,3,1,,第10回 1992年1月12日 パー,,,,,
8,1992,1,19,3,3,11,3,1,2,3,,第11回 1992年1月19日 グー,,,,,
9,1992,1,26,4,4,12,2,3,1,2,,第12回 1992年1月26日 チョキ,,,,,
10,1992,2,2,5,1,13,2,2,3,1,,第13回 1992年2月2日 チョキ,,,,,
11,1992,2,9,6,2,14,1,2,2,3,,第14回 1992年2月9日 パー,,,,,
12,1992,2,16,7,3,15,3,1,2,2,,第15回 1992年2月16日 グー,,,,,
13,1992,2,23,8,4,16,2,3,1,2,,第16回 1992年2月23日 チョキ,,,,,
14,1992,3,1,9,1,17,1,2,3,1,,第17回 1992年3月1日 パー,,,,,
15,1992,3,8,10,2,18,3,1,2,3,,第18回 1992年3月8日 グー,,,,,
16,1992,3,15,11,3,19,2,3,1,2,,第19回 1992年3月15日 チョキ,,,,,
17,1992,3,22,12,4,20,1,2,3,1,,第20回 1992年3月22日 パー,,,,,
18,1992,3,29,13,5,21,3,1,2,3,,第21回 1992年3月29日 グー,,,,,
19,1992,4,5,14,1,22,3,3,1,2,,第22回 1992年4月5日 グー,,,,,
20,1992,4,12,15,2,23,2,3,3,1,,第23回 1992年4月12日 チョキ,,,,,
21,1992,4,19,16,3,24,1,2,3,3,,第24回 1992年4月19日 パー,,,,,
22,1992,4,26,17,4,25,3,1,2,3,,第25回 1992年4月26日 グー,,,,,
23,1992,5,3,18,1,26,1,3,1,2,,第26回 1992年5月3日 パー,,,,,
24,1992,5,10,19,2,27,2,1,3,1,,第27回 1992年5月10日 チョキ,,,,,
25,1992,5,17,20,3,28,3,2,1,3,,第28回 1992年5月17日 グー,,,,,
26,1992,5,24,21,4,29,2,3,2,1,,第29回 1992年5月24日 チョキ,,,,,
27,1992,5,31,22,5,30,1,2,3,2,,第30回 1992年5月31日 パー,,,,,
28,1992,6,7,23,1,31,3,1,2,3,,第31回 1992年6月7日 グー,,,,,
29,1992,6,14,24,2,32,3,3,1,2,,第32回 1992年6月14日 グー,,,,,
30,1992,6,21,25,3,33,1,3,3,1,,第33回 1992年6月21日 パー,,,,,
31,1992,6,28,26,4,34,1,1,3,3,,第34回 1992年6月28日 パー,,,,,
32,1992,7,5,27,1,35,3,1,1,3,,第35回 1992年7月5日 グー,,,,,
33,1992,7,12,28,2,36,2,3,1,1,,第36回 1992年7月12日 チョキ,,,,,
34,1992,7,19,29,3,37,1,2,3,1,,第37回 1992年7月19日 パー ※FNSスーパースペシャル「1億2000万人の平成教育テレビ」,,,,,
35,1992,7,26,30,4,38,3,1,2,3,,第38回 1992年7月26日 グー,,,,,
36,1992,8,2,31,1,39,2,3,1,2,,第39回 1992年8月2日 チョキ,,,,,
37,1992,8,9,32,2,40,3,2,3,1,,第40回 1992年8月9日 グー,,,,,
38,1992,8,16,33,3,41,1,3,2,3,,第41回 1992年8月16日 パー,,,,,
39,1992,8,23,34,4,42,1,1,3,2,,第42回 1992年8月23日 パー,,,,,
40,1992,8,30,35,5,43,2,1,1,3,,第43回 1992年8月30日 チョキ,,,,,
41,1992,9,6,36,1,44,2,2,1,1,,第44回 1992年9月6日 チョキ,,,,,
42,1992,9,13,37,2,45,3,2,2,1,,第45回 1992年9月13日 グー,,,,,
43,1992,9,20,38,3,46,1,3,2,2,,第46回 1992年9月20日 パー,,,,,
44,1992,9,27,39,4,47,2,1,3,2,,第47回 1992年9月27日 チョキ,,,,,
45,1992,10,4,40,1,48,3,2,1,3,,第48回 1992年10月4日 グー,,,,,
46,1992,10,11,41,2,49,2,3,2,1,,第49回 1992年10月11日 チョキ,,,,,
47,1992,10,18,42,3,50,2,2,3,2,,第50回 1992年10月18日 チョキ,,,,,
48,1992,10,25,43,4,51,1,2,2,3,,第51回 1992年10月25日 パー,,,,,
49,1992,11,1,44,1,52,3,1,2,2,,第52回 1992年11月1日 グー,,,,,
50,1992,11,8,45,2,53,1,3,1,2,,第53回 1992年11月8日 パー,,,,,
51,1992,11,15,46,3,54,1,1,3,1,,第54回 1992年11月15日 パー,,,,,
52,1992,11,22,47,4,55,2,1,1,3,,第55回 1992年11月22日 チョキ,,,,,
53,1992,11,29,48,5,56,3,2,1,1,,第56回 1992年11月29日 グー,,,,,
54,1992,12,6,49,1,57,1,3,2,1,,第57回 1992年12月6日 パー,,,,,
55,1992,12,13,50,2,58,3,1,3,2,,第58回 1992年12月13日 グー,,,,,
56,1992,12,20,51,3,59,2,3,1,3,,第59回 1992年12月20日 チョキ,,,,,
57,1992,12,27,52,4,60,3,2,3,1,,第60回 1992年12月27日 グー,,,,,
58,1993,1,3,1,1,61,1,3,2,3,,第61回 1993年1月3日 パー ※年始特番のため18:00から放送,,,,,
59,1993,1,10,2,2,62,1,1,3,2,,第62回 1993年1月10日 パー,,,,,
60,1993,1,17,3,3,63,3,1,1,3,,第63回 1993年1月17日 グー,,,,,
61,1993,1,24,4,4,64,2,3,1,1,,第64回 1993年1月24日 チョキ,,,,,
62,1993,1,31,5,5,65,3,2,3,1,,第65回 1993年1月31日 グー,,,,,
63,1993,2,7,6,1,66,2,3,2,3,,第66回 1993年2月7日 チョキ,,,,,
64,1993,2,14,7,2,67,3,2,3,2,,第67回 1993年2月14日 グー,,,,,
65,1993,2,21,8,3,68,1,3,2,3,,第68回 1993年2月21日 パー,,,,,
66,1993,2,28,9,4,69,3,1,3,2,,第69回 1993年2月28日 グー,,,,,
67,1993,3,7,10,1,70,3,3,1,3,,第70回 1993年3月7日 グー,,,,,
68,1993,3,14,11,2,71,2,3,3,1,,第71回 1993年3月14日 チョキ,,,,,
69,1993,3,21,12,3,72,1,2,3,3,,第72回 1993年3月21日 パー,,,,,
70,1993,3,28,13,4,73,2,1,2,3,,第73回 1993年3月28日 チョキ,,,,,
71,1993,4,4,14,1,74,1,2,1,2,,第74回 1993年4月4日 パー,,,,,
72,1993,4,11,15,2,75,1,1,2,1,,第75回 1993年4月11日 パー,,,,,
73,1993,4,18,16,3,76,3,1,1,2,,第76回 1993年4月18日 グー,,,,,
74,1993,4,25,17,4,77,2,3,1,1,,第77回 1993年4月25日 チョキ,,,,,
75,1993,5,2,18,1,78,3,2,3,1,,第78回 1993年5月2日 グー,,,,,
76,1993,5,9,19,2,79,2,3,2,3,,第79回 1993年5月9日 チョキ,,,,,
77,1993,5,16,20,3,80,2,2,3,2,,第80回 1993年5月16日 チョキ,,,,,
78,1993,5,23,21,4,81,1,2,2,3,,第81回 1993年5月23日 パー,,,,,
79,1993,5,30,22,5,82,1,1,2,2,,第82回 1993年5月30日 パー,,,,,
80,1993,6,6,23,1,83,2,1,1,2,,第83回 1993年6月6日 チョキ,,,,,
81,1993,6,13,24,2,84,3,2,1,1,,第84回 1993年6月13日 グー,,,,,
82,1993,6,20,25,3,85,3,3,2,1,,第85回 1993年6月20日 グー,,,,,
83,1993,6,27,26,4,86,3,3,3,2,,第86回 1993年6月27日 グー,,,,,
84,1993,7,4,27,1,87,3,3,3,3,,第87回 1993年7月4日 グー,,,,,
85,1993,7,11,28,2,88,2,3,3,3,,第88回 1993年7月11日 チョキ,,,,,
86,1993,7,18,29,3,89,1,2,3,3,,第89回 1993年7月18日 パー,,,,,
87,1993,8,1,31,1,90,3,1,2,3,,第90回 1993年8月1日 グー,,,,,
88,1993,8,8,32,2,91,2,3,1,2,,第91回 1993年8月8日 チョキ,,,,,
89,1993,8,15,33,3,92,3,2,3,1,,第92回 1993年8月15日 グー,,,,,
90,1993,8,22,34,4,93,1,3,2,3,,第93回 1993年8月22日 パー,,,,,
91,1993,8,29,35,5,94,2,1,3,2,,第94回 1993年8月29日 チョキ,,,,,
92,1993,9,5,36,1,95,2,2,1,3,,第95回 1993年9月5日 チョキ,,,,,
93,1993,9,12,37,2,96,1,2,2,1,,第96回 1993年9月12日 パー,,,,,
94,1993,9,19,38,3,97,3,1,2,2,,第97回 1993年9月19日 グー,,,,,
95,1993,9,26,39,4,98,3,3,1,2,,第98回 1993年9月26日 グー,,,,,
96,1993,10,3,40,1,99,2,3,3,1,,第99回 1993年10月3日 チョキ,,,,,
97,1993,10,10,41,2,100,1,2,3,3,,第100回 1993年10月10日 パー,,,,,
98,1993,10,17,42,3,101,3,1,2,3,,第101回 1993年10月17日 グー,,,,,
99,1993,10,24,43,4,102,3,3,1,2,,第102回 1993年10月24日 グー,,,,,
100,1993,10,31,44,5,103,1,3,3,1,,第103回 1993年10月31日 パー,,,,,
101,1993,11,7,45,1,104,2,1,3,3,,第104回 1993年11月7日 チョキ,,,,,
102,1993,11,14,46,2,105,2,2,1,3,,第105回 1993年11月14日 チョキ,,,,,
103,1993,11,21,47,3,106,1,2,2,1,,第106回 1993年11月21日 パー,,,,,
104,1993,11,28,48,4,107,3,1,2,2,,第107回 1993年11月28日 グー,,,,,
105,1993,12,5,49,1,108,1,3,1,2,,第108回 1993年12月5日 パー,,,,,
106,1993,12,12,50,2,109,2,1,3,1,,第109回 1993年12月12日 チョキ,,,,,
107,1993,12,19,51,3,110,3,2,1,3,,第110回 1993年12月19日 グー,,,,,
108,1993,12,26,52,4,111,3,3,2,1,,第111回 1993年12月26日 グー,,,,,
109,1994,1,2,1,1,112,1,3,3,2,,第112回 1994年1月2日 パー ※年始特番のため18:00から放送,,,,,
110,1994,1,9,2,2,113,3,1,3,3,,第113回 1994年1月9日 グー,,,,,
111,1994,1,16,3,3,114,2,3,1,3,,第114回 1994年1月16日 チョキ,,,,,
112,1994,1,23,4,4,115,3,2,3,1,,第115回 1994年1月23日 グー,,,,,
113,1994,1,30,5,5,116,2,3,2,3,,第116回 1994年1月30日 チョキ,,,,,
114,1994,2,6,6,1,117,1,2,3,2,,第117回 1994年2月6日 パー,,,,,
115,1994,2,13,7,2,118,1,1,2,3,,第118回 1994年2月13日 パー,,,,,
116,1994,2,20,8,3,119,2,1,1,2,,第119回 1994年2月20日 チョキ,,,,,
117,1994,2,27,9,4,120,3,2,1,1,,第120回 1994年2月27日 グー,,,,,
118,1994,3,6,10,1,121,3,3,2,1,,第121回 1994年3月6日 グー,,,,,
119,1994,3,13,11,2,122,1,3,3,2,,第122回 1994年3月13日 パー,,,,,
120,1994,3,20,12,3,123,1,1,3,3,,第123回 1994年3月20日 パー,,,,,
121,1994,3,27,13,4,124,2,1,1,3,,第124回 1994年3月27日 チョキ,,,,,
122,1994,4,3,14,1,125,2,2,1,1,,第125回 1994年4月3日 チョキ,,,,,
123,1994,4,10,15,2,126,1,2,2,1,,第126回 1994年4月10日 パー,,,,,
124,1994,4,17,16,3,127,3,1,2,2,,第127回 1994年4月17日 グー,,,,,
125,1994,4,24,17,4,128,2,3,1,2,,第128回 1994年4月24日 チョキ,,,,,
126,1994,5,1,18,1,129,3,2,3,1,,第129回 1994年5月1日 グー,,,,,
127,1994,5,8,19,2,130,1,3,2,3,,第130回 1994年5月8日 パー,,,,,
128,1994,5,15,20,3,131,1,1,3,2,,第131回 1994年5月15日 パー,,,,,
129,1994,5,22,21,4,132,2,1,1,3,,第132回 1994年5月22日 チョキ,,,,,
130,1994,5,29,22,5,133,3,2,1,1,,第133回 1994年5月29日 グー,,,,,
131,1994,6,5,23,1,134,2,3,2,1,,第134回 1994年6月5日 チョキ,,,,,
132,1994,6,12,24,2,135,1,2,3,2,,第135回 1994年6月12日 パー,,,,,
133,1994,6,19,25,3,136,2,1,2,3,,第136回 1994年6月19日 チョキ,,,,,
134,1994,6,26,26,4,137,3,2,1,2,,第137回 1994年6月26日 グー,,,,,
135,1994,7,3,27,1,138,1,3,2,1,,第138回 1994年7月3日 パー,,,,,
136,1994,7,10,28,2,139,2,1,3,2,,第139回 1994年7月10日 チョキ,,,,,
137,1994,7,17,29,3,140,2,2,1,3,,第140回 1994年7月17日 チョキ,,,,,
138,1994,7,31,31,5,141,1,2,2,1,,第141回 1994年7月31日 パー,,,,,
139,1994,8,7,32,1,142,3,1,2,2,,第142回 1994年8月7日 グー,,,,,
140,1994,8,14,33,2,143,3,3,1,2,,第143回 1994年8月14日 グー,,,,,
141,1994,8,21,34,3,144,2,3,3,1,,第144回 1994年8月21日 チョキ,,,,,
142,1994,8,28,35,4,145,1,2,3,3,,第145回 1994年8月28日 パー,,,,,
143,1994,9,4,36,1,146,3,1,2,3,,第146回 1994年9月4日 グー,,,,,
144,1994,9,11,37,2,147,1,3,1,2,,第147回 1994年9月11日 パー,,,,,
145,1994,9,18,38,3,148,2,1,3,1,,第148回 1994年9月18日 チョキ,,,,,
146,1994,9,25,39,4,149,3,2,1,3,,第149回 1994年9月25日 グー,,,,,
147,1994,10,2,40,1,150,3,3,2,1,,第150回 1994年10月2日 グー,,,,,
148,1994,10,9,41,2,151,1,3,3,2,,第151回 1994年10月9日 パー,,,,,
149,1994,10,23,43,4,152,1,1,3,3,,第152回 1994年10月23日 パー,,,,,
150,1994,10,30,44,5,153,2,1,1,3,,第153回 1994年10月30日 チョキ,,,,,
151,1994,11,6,45,1,154,3,2,1,1,,第154回 1994年11月6日 グー,,,,,
152,1994,11,13,46,2,155,2,3,2,1,,第155回 1994年11月13日 チョキ,,,,,
153,1994,11,20,47,3,156,1,2,3,2,,第156回 1994年11月20日 パー,,,,,
154,1994,11,27,48,4,157,2,1,2,3,,第157回 1994年11月27日 チョキ,,,,,
155,1994,12,4,49,1,158,3,2,1,2,,第158回 1994年12月4日 グー,,,,,
156,1994,12,11,50,2,159,1,3,2,1,,第159回 1994年12月11日 パー,,,,,
157,1994,12,18,51,3,160,3,1,3,2,,第160回 1994年12月18日 グー,,,,,
158,1994,12,25,52,4,161,1,3,1,3,,第161回 1994年12月25日 パー,,,,,
159,1995,1,8,2,2,162,2,1,3,1,,第162回 1995年1月8日 チョキ,,,,,
160,1995,1,15,3,3,163,3,2,1,3,,第163回 1995年1月15日 グー,,,,,
161,1995,1,22,4,4,164,1,3,2,1,,第164回 1995年1月22日 パー,,,,,
162,1995,1,29,5,5,165,3,1,3,2,,第165回 1995年1月29日 グー,,,,,
163,1995,2,5,6,1,166,2,3,1,3,,第166回 1995年2月5日 チョキ,,,,,
164,1995,2,12,7,2,167,2,2,3,1,,第167回 1995年2月12日 チョキ,,,,,
165,1995,2,19,8,3,168,1,2,2,3,,第168回 1995年2月19日 パー,,,,,
166,1995,2,26,9,4,169,2,1,2,2,,第169回 1995年2月26日 チョキ,,,,,
167,1995,3,5,10,1,170,3,2,1,2,,第170回 1995年3月5日 グー,,,,,
168,1995,3,12,11,2,171,1,3,2,1,,第171回 1995年3月12日 パー,,,,,
169,1995,3,19,12,3,172,1,1,3,2,,第172回 1995年3月19日 パー,,,,,
170,1995,3,26,13,4,173,2,1,1,3,,第173回 1995年3月26日 チョキ,,,,,
171,1995,4,2,14,1,174,3,2,1,1,,第174回 1995年4月2日 グー,,,,,
172,1995,4,9,15,2,175,1,3,2,1,,第175回 1995年4月9日 パー,,,,,
173,1995,4,16,16,3,176,2,1,3,2,,第176回 1995年4月16日 チョキ,,,,,
174,1995,4,23,17,4,177,3,2,1,3,,第177回 1995年4月23日 グー,,,,,
175,1995,4,30,18,5,178,2,3,2,1,,第178回 1995年4月30日 チョキ,,,,,
176,1995,5,7,19,1,179,1,2,3,2,,第179回 1995年5月7日 パー,,,,,
177,1995,5,14,20,2,180,1,1,2,3,,第180回 1995年5月14日 パー,,,,,
178,1995,5,21,21,3,181,2,1,1,2,,第181回 1995年5月21日 チョキ,,,,,
179,1995,5,28,22,4,182,3,2,1,1,,第182回 1995年5月28日 グー,,,,,
180,1995,6,4,23,1,183,3,3,2,1,,第183回 1995年6月4日 グー,,,,,
181,1995,6,11,24,2,184,2,3,3,2,,第184回 1995年6月11日 チョキ,,,,,
182,1995,6,18,25,3,185,1,2,3,3,,第185回 1995年6月18日 パー,,,,,
183,1995,6,25,26,4,186,2,1,2,3,,第186回 1995年6月25日 チョキ,,,,,
184,1995,7,2,27,1,187,3,2,1,2,,第187回 1995年7月2日 グー,,,,,
185,1995,7,9,28,2,188,1,3,2,1,,第188回 1995年7月9日 パー,,,,,
186,1995,7,16,29,3,189,1,1,3,2,,第189回 1995年7月16日 パー ※FNSの日「1億2500万人の超夢列島！そのうちなんとか23時間」,,,,,
187,1995,7,23,30,4,190,3,1,1,3,,第190回 1995年7月23日 グー ※参議院選挙特番のため18:00から放送,,,,,
188,1995,7,30,31,5,191,2,3,1,1,,第191回 1995年7月30日 チョキ,,,,,
189,1995,8,6,32,1,192,2,2,3,1,,第192回 1995年8月6日 チョキ,,,,,
190,1995,8,13,33,2,193,3,2,2,3,,第193回 1995年8月13日 グー,,,,,
191,1995,8,20,34,3,194,1,3,2,2,,第194回 1995年8月20日 パー,,,,,
192,1995,8,27,35,4,195,2,1,3,2,,第195回 1995年8月27日 チョキ,,,,,
193,1995,9,3,36,1,196,1,2,1,3,,第196回 1995年9月3日 パー,,,,,
194,1995,9,10,37,2,197,1,1,2,1,,第197回 1995年9月10日 パー,,,,,
195,1995,9,17,38,3,198,3,1,1,2,,第198回 1995年9月17日 グー,,,,,
196,1995,9,24,39,4,199,2,3,1,1,,第199回 1995年9月24日 チョキ,,,,,
197,1995,10,1,40,1,200,2,2,3,1,,第200回 1995年10月1日 チョキ,,,,,
198,1995,10,8,41,2,201,1,2,2,3,,第201回 1995年10月8日 パー,,,,,
199,1995,10,15,42,3,202,3,1,2,2,,第202回 1995年10月15日 グー,,,,,
200,1995,10,22,43,4,203,3,3,1,2,,第203回 1995年10月22日 グー,,,,,
201,1995,10,19,44,5,204,1,3,3,1,,第204回 1995年10月29日 パー,,,,,
202,1995,11,5,45,1,205,2,1,3,3,,第205回 1995年11月5日 チョキ,,,,,
203,1995,11,12,46,2,206,1,2,1,3,,第206回 1995年11月12日 パー,,,,,
204,1995,11,19,47,3,207,3,1,2,1,,第207回 1995年11月19日 グー,,,,,
205,1995,11,26,48,4,208,2,3,1,2,,第208回 1995年11月26日 チョキ,,,,,
206,1995,12,3,49,1,209,2,2,3,1,,第209回 1995年12月3日 チョキ,,,,,
207,1995,12,10,50,2,210,3,2,2,3,,第210回 1995年12月10日 グー,,,,,
208,1995,12,17,51,3,211,1,3,2,2,,第211回 1995年12月17日 パー,,,,,
209,1995,12,24,52,4,212,2,1,3,2,,第212回 1995年12月24日 チョキ,,,,,
210,1995,12,31,53,5,213,1,2,1,3,,第213回 1995年12月31日 パー,,,,,
211,1996,1,7,1,1,214,2,1,2,1,,第214回 1996年1月7日 チョキ,,,,,
212,1996,1,14,2,2,215,3,2,1,2,,第215回 1996年1月14日 グー,,,,,
213,1996,1,21,3,3,216,3,3,2,1,,第216回 1996年1月21日 グー,,,,,
214,1996,1,28,4,4,217,1,3,3,2,,第217回 1996年1月28日 パー,,,,,
215,1996,2,4,5,1,218,2,1,3,3,,第218回 1996年2月4日 チョキ,,,,,
216,1996,2,11,6,2,219,1,2,1,3,,第219回 1996年2月11日 パー,,,,,
217,1996,2,18,7,3,220,1,1,2,1,,第220回 1996年2月18日 パー,,,,,
218,1996,2,25,8,4,221,3,1,1,2,,第221回 1996年2月25日 グー,,,,,
219,1996,3,3,9,1,222,2,3,1,1,,第222回 1996年3月3日 チョキ,,,,,
220,1996,3,10,10,2,223,2,2,3,1,,第223回 1996年3月10日 チョキ,,,,,
221,1996,3,17,11,3,224,3,2,2,3,,第224回 1996年3月17日 グー,,,,,
222,1996,3,24,12,4,225,1,3,2,2,,第225回 1996年3月24日 パー,,,,,
223,1996,3,31,13,5,226,3,1,3,2,,第226回 1996年3月31日 グー,,,,,
224,1996,4,7,14,1,227,2,3,1,3,,第227回 1996年4月7日 チョキ,,,,,
225,1996,4,14,15,2,228,1,2,3,1,,第228回 1996年4月14日 パー,,,,,
226,1996,4,21,16,3,229,1,1,2,3,,第229回 1996年4月21日 パー,,,,,
227,1996,4,28,17,4,230,2,1,1,2,,第230回 1996年4月28日 チョキ,,,,,
228,1996,5,5,18,1,231,3,2,1,1,,第231回 1996年5月5日 グー,,,,,
229,1996,5,12,19,2,232,3,3,2,1,,第232回 1996年5月12日 グー,,,,,
230,1996,5,19,20,3,233,2,3,3,2,,第233回 1996年5月19日 チョキ,,,,,
231,1996,5,26,21,4,234,1,2,3,3,,第234回 1996年5月26日 パー,,,,,
232,1996,6,2,22,1,235,2,1,2,3,,第235回 1996年6月2日 チョキ,,,,,
233,1996,6,9,23,2,236,1,2,1,2,,第236回 1996年6月9日 パー,,,,,
234,1996,6,16,24,3,237,3,1,2,1,,第237回 1996年6月16日 グー,,,,,
235,1996,6,23,25,4,238,2,3,1,2,,第238回 1996年6月23日 チョキ,,,,,
236,1996,6,30,26,5,239,3,2,3,1,,第239回 1996年6月30日 グー,,,,,
237,1996,7,7,27,1,240,2,3,2,3,,第240回 1996年7月7日 チョキ,,,,,
238,1996,7,14,28,2,241,2,2,3,2,,第241回 1996年7月14日 チョキ ※FNSの日十周年記念「1億2500万人の超夢リンピック」,,,,,
239,1996,7,21,29,3,242,1,2,2,3,,第242回 1996年7月21日 パー ※アトランタオリンピック特番のため18:00から放送,,,,,
240,1996,7,28,30,4,243,3,1,2,2,,第243回 1996年7月28日 グー,,,,,
241,1996,8,4,31,1,244,1,3,1,2,,第244回 1996年8月4日 パー,,,,,
242,1996,8,11,32,2,245,1,1,3,1,,第245回 1996年8月11日 パー,,,,,
243,1996,8,18,33,3,246,2,1,1,3,,第246回 1996年8月18日 チョキ,,,,,
244,1996,8,25,34,4,247,2,2,1,1,,第247回 1996年8月25日 チョキ,,,,,
245,1996,9,1,35,1,248,3,2,2,1,,第248回 1996年9月1日 グー,,,,,
246,1996,9,8,36,2,249,1,3,2,2,,第249回 1996年9月8日 パー,,,,,
247,1996,9,15,37,3,250,3,1,3,2,,第250回 1996年9月15日 グー,,,,,
248,1996,9,22,38,4,251,3,3,1,3,,第251回 1996年9月22日 グー,,,,,
249,1996,9,29,39,5,252,2,3,3,1,,第252回 1996年9月29日 チョキ,,,,,
250,1996,10,13,41,2,253,1,2,3,3,,第253回 1996年10月13日 パー,,,,,
251,1996,10,27,43,4,254,2,1,2,3,,第254回 1996年10月27日 チョキ,,,,,
252,1996,11,3,44,1,255,3,2,1,2,,第255回 1996年11月3日 グー,,,,,
253,1996,11,10,45,2,256,3,3,2,1,,第256回 1996年11月10日 グー,,,,,
254,1996,11,17,46,3,257,1,3,3,2,,第257回 1996年11月17日 パー,,,,,
255,1996,11,24,47,4,258,2,1,3,3,,第258回 1996年11月24日 チョキ,,,,,
256,1996,12,1,48,1,259,1,2,1,3,,第259回 1996年12月1日 パー,,,,,
257,1996,12,8,49,2,260,1,1,2,1,,第260回 1996年12月8日 パー,,,,,
258,1996,12,15,50,3,261,3,1,1,2,,第261回 1996年12月15日 グー,,,,,
259,1996,12,22,51,4,262,3,3,1,1,,第262回 1996年12月22日 グー,,,,,
260,1996,12,29,52,5,263,2,3,3,1,,第263回 1996年12月29日 チョキ,,,,,
261,1997,1,5,1,1,264,2,2,3,3,,第264回 1997年1月5日 チョキ,,,,,
262,1997,1,12,2,2,265,3,2,2,3,,第265回 1997年1月12日 グー,,,,,
263,1997,1,19,3,3,266,1,3,2,2,,第266回 1997年1月19日 パー,,,,,
264,1997,1,26,4,4,267,2,1,3,2,,第267回 1997年1月26日 チョキ,,,,,
265,1997,2,2,5,1,268,1,2,1,3,,第268回 1997年2月2日 パー,,,,,
266,1997,2,9,6,2,269,3,1,2,1,,第269回 1997年2月9日 グー,,,,,
267,1997,2,16,7,3,270,1,3,1,2,,第270回 1997年2月16日 パー,,,,,
268,1997,2,23,8,4,271,2,1,3,1,,第271回 1997年2月23日 チョキ,,,,,
269,1997,3,2,9,1,272,3,2,1,3,,第272回 1997年3月2日 グー,,,,,
270,1997,3,9,10,2,273,2,3,2,1,,第273回 1997年3月9日 チョキ,,,,,
271,1997,3,16,11,3,274,3,2,3,2,,第274回 1997年3月16日 グー,,,,,
272,1997,3,23,12,4,275,1,3,2,3,,第275回 1997年3月23日 パー,,,,,
273,1997,3,30,13,5,276,1,1,3,2,,第276回 1997年3月30日 パー,,,,,
274,1997,4,6,14,1,277,2,1,1,3,,第277回 1997年4月6日 チョキ,,,,,
275,1997,4,13,15,2,278,3,2,1,1,,第278回 1997年4月13日 グー,,,,,
276,1997,4,20,16,3,279,2,3,2,1,,第279回 1997年4月20日 チョキ,,,,,
277,1997,4,27,17,4,280,1,2,3,2,,第280回 1997年4月27日 パー,,,,,
278,1997,5,4,18,1,281,1,1,2,3,,第281回 1997年5月4日 パー,,,,,
279,1997,5,11,19,2,282,3,1,1,2,,第282回 1997年5月11日 グー,,,,,
280,1997,5,18,20,3,283,2,3,1,1,,第283回 1997年5月18日 チョキ,,,,,
281,1997,5,25,21,4,284,1,2,3,1,,第284回 1997年5月25日 パー,,,,,
282,1997,6,1,22,1,285,2,1,2,3,,第285回 1997年6月1日 チョキ,,,,,
283,1997,6,8,23,2,286,3,2,1,2,,第286回 1997年6月8日 グー,,,,,
284,1997,6,15,24,3,287,3,3,2,1,,第287回 1997年6月15日 グー,,,,,
285,1997,6,22,25,4,288,1,3,3,2,,第288回 1997年6月22日 パー,,,,,
286,1997,6,29,26,5,289,2,1,3,3,,第289回 1997年6月29日 チョキ,,,,,
287,1997,7,6,27,1,290,2,2,1,3,,第290回 1997年7月6日 チョキ,,,,,
288,1997,7,13,28,2,291,3,2,2,1,,第291回 1997年7月13日 グー,,,,,
289,1997,7,20,29,3,292,1,3,2,2,,第292回 1997年7月20日 パー,,,,,
290,1997,8,3,31,1,293,3,1,3,2,,第293回 1997年8月3日 グー,,,,,
291,1997,8,10,32,2,294,2,3,1,3,,第294回 1997年8月10日 チョキ,,,,,
292,1997,8,17,33,3,295,3,2,3,1,,第295回 1997年8月17日 グー,,,,,
293,1997,8,24,34,4,296,1,3,2,3,,第296回 1997年8月24日 パー,,,,,
294,1997,8,31,35,5,297,1,1,3,2,,第297回 1997年8月31日 パー,,,,,
295,1997,9,7,36,1,298,2,1,1,3,,第298回 1997年9月7日 チョキ,,,,,
296,1997,9,14,37,2,299,3,2,1,1,,第299回 1997年9月14日 グー,,,,,
297,1997,9,21,38,3,300,2,3,2,1,,第300回 1997年9月21日 チョキ,,,,,
298,1997,9,28,39,4,301,1,2,3,2,,第301回 1997年9月28日 パー,,,,,
299,1997,10,5,40,1,302,2,1,2,3,,第302回 1997年10月5日 チョキ,,,,,
300,1997,10,12,41,2,303,2,2,1,2,,第303回 1997年10月12日 チョキ,,,,,
301,1997,10,19,42,3,304,3,2,2,1,,第304回 1997年10月19日 グー,,,,,
302,1997,10,26,43,4,305,1,3,2,2,,第305回 1997年10月26日 パー,,,,,
303,1997,11,2,44,1,306,2,1,3,2,,第306回 1997年11月2日 チョキ,,,,,
304,1997,11,9,45,2,307,3,2,1,3,,第307回 1997年11月9日 グー,,,,,
305,1997,11,16,46,3,308,2,3,2,1,,第308回 1997年11月16日 チョキ,,,,,
306,1997,11,23,47,4,309,1,2,3,2,,第309回 1997年11月23日 パー,,,,,
307,1997,11,30,48,5,310,3,1,2,3,,第310回 1997年11月30日 グー,,,,,
308,1997,12,7,49,1,311,3,3,1,2,,第311回 1997年12月7日 グー,,,,,
309,1997,12,14,50,2,312,1,3,3,1,,第312回 1997年12月14日 パー,,,,,
310,1997,12,21,51,3,313,2,1,3,3,,第313回 1997年12月21日 チョキ,,,,,
311,1997,12,28,52,4,314,1,2,1,3,,第314回 1997年12月28日 パー,,,,,
312,1998,1,4,1,1,315,2,1,2,1,,第315回 1998年1月4日 チョキ,,,,,
313,1998,1,11,2,2,316,3,2,1,2,,第316回 1998年1月11日 グー,,,,,
314,1998,1,18,3,3,317,1,3,2,1,,第317回 1998年1月18日 パー,,,,,
315,1998,1,25,4,4,318,1,1,3,2,,第318回 1998年1月25日 パー,,,,,
316,1998,2,1,5,1,319,3,1,1,3,,第319回 1998年2月1日 グー,,,,,
317,1998,2,8,6,2,320,2,3,1,1,,第320回 1998年2月8日 チョキ,,,,,
318,1998,2,15,7,3,321,2,2,3,1,,第321回 1998年2月15日 チョキ,,,,,
319,1998,2,22,8,4,322,3,2,2,3,,第322回 1998年2月22日 グー,,,,,
320,1998,3,1,9,1,323,1,3,2,2,,第323回 1998年3月1日 パー,,,,,
321,1998,3,8,10,2,324,1,1,3,2,,第324回 1998年3月8日 パー,,,,,
322,1998,3,15,11,3,325,2,1,1,3,,第325回 1998年3月15日 チョキ,,,,,
323,1998,3,22,12,4,326,3,2,1,1,,第326回 1998年3月22日 グー,,,,,
324,1998,3,29,13,5,327,1,3,2,1,,第327回 1998年3月29日 パー,,,,,
325,1998,4,5,14,1,328,2,1,3,2,,第328回 1998年4月5日 チョキ,,,,,
326,1998,4,12,15,2,329,2,2,1,3,,第329回 1998年4月12日 チョキ,,,,,
327,1998,4,19,16,3,330,3,2,2,1,,第330回 1998年4月19日 グー,,,,,
328,1998,4,26,17,4,331,1,3,2,2,,第331回 1998年4月26日 パー,,,,,
329,1998,5,3,18,1,332,2,1,3,2,,第332回 1998年5月3日 チョキ,,,,,
330,1998,5,10,19,2,333,1,2,1,3,,第333回 1998年5月10日 パー,,,,,
331,1998,5,17,20,3,334,3,1,2,1,,第334回 1998年5月17日 グー,,,,,
332,1998,5,24,21,4,335,3,3,1,2,,第335回 1998年5月24日 グー,,,,,
333,1998,5,31,22,5,336,2,3,3,1,,第336回 1998年5月31日 チョキ,,,,,
334,1998,6,7,23,1,337,1,2,3,3,,第337回 1998年6月7日 パー,,,,,
335,1998,6,14,24,2,338,2,1,2,3,,第338回 1998年6月14日 チョキ,,,,,
336,1998,6,21,25,3,339,3,2,1,2,,第339回 1998年6月21日 グー,,,,,
337,1998,6,28,26,4,340,1,3,2,1,,第340回 1998年6月28日 パー,,,,,
338,1998,7,5,27,1,341,2,1,3,2,,第341回 1998年7月5日 チョキ,,,,,
339,1998,7,12,28,2,342,1,2,1,3,,第342回 1998年7月12日 パー,,,,,
340,1998,7,19,29,3,343,2,1,2,1,,第343回 1998年7月19日 チョキ ※'98FNS1億2700万人の27時間テレビ夢列島,,,,,
341,1998,7,26,30,4,344,3,2,1,2,,第344回 1998年7月26日 グー,,,,,
342,1998,8,2,31,1,345,3,3,2,1,,第345回 1998年8月2日 グー,,,,,
343,1998,8,9,32,2,346,1,3,3,2,,第346回 1998年8月9日 パー,,,,,
344,1998,8,16,33,3,347,2,1,3,3,,第347回 1998年8月16日 チョキ,,,,,
345,1998,8,23,34,4,348,1,2,1,3,,第348回 1998年8月23日 パー,,,,,
346,1998,8,30,35,5,349,3,1,2,1,,第349回 1998年8月30日 グー,,,,,
347,1998,9,6,36,1,350,2,3,1,2,,第350回 1998年9月6日 チョキ,,,,,
348,1998,9,13,37,2,351,1,2,3,1,,第351回 1998年9月13日 パー,,,,,
349,1998,9,20,38,3,352,1,1,2,3,,第352回 1998年9月20日 パー,,,,,
350,1998,9,27,39,4,353,2,1,1,2,,第353回 1998年9月27日 チョキ,,,,,
351,1998,10,4,40,1,354,2,2,1,1,,第354回 1998年10月4日 チョキ,,,,,
352,1998,10,11,41,2,355,3,2,2,1,,第355回 1998年10月11日 グー,,,,,
353,1998,10,18,42,3,356,1,3,2,2,,第356回 1998年10月18日 パー ※プロ野球日本シリーズ中継のため18:00から放送,,,,,
354,1998,10,25,43,4,357,2,1,3,2,,第357回 1998年10月25日 チョキ,,,,,
355,1998,11,1,44,1,358,1,2,1,3,,第358回 1998年11月1日 パー ※サザエさん放送30周年記念スペシャル(18:30～19:30),,,,,
356,1998,11,8,45,2,359,3,1,2,1,,第359回 1998年11月8日 グー,,,,,
357,1998,11,15,46,3,360,3,3,1,2,,第360回 1998年11月15日 グー,,,,,
358,1998,11,22,47,4,361,2,3,3,1,,第361回 1998年11月22日 チョキ,,,,,
359,1998,11,29,48,5,362,1,2,3,3,,第362回 1998年11月29日 パー,,,,,
360,1998,12,6,49,1,363,2,1,2,3,,第363回 1998年12月6日 チョキ,,,,,
361,1998,12,13,50,2,364,1,2,1,2,,第364回 1998年12月13日 パー,,,,,
362,1998,12,20,51,3,365,3,1,2,1,,第365回 1998年12月20日 グー,,,,,
363,1998,12,27,52,4,366,1,3,1,2,,第366回 1998年12月27日 パー,,,,,
364,1999,1,10,2,2,367,2,1,3,1,,第367回 1999年1月10日 チョキ,,,,,
365,1999,1,17,3,3,368,2,2,1,3,,第368回 1999年1月17日 チョキ,,,,,
366,1999,1,24,4,4,369,3,2,2,1,,第369回 1999年1月24日 グー,,,,,
367,1999,1,31,5,5,370,1,3,2,2,,第370回 1999年1月31日 パー,,,,,
368,1999,2,7,6,1,371,3,1,3,2,,第371回 1999年2月7日 グー,,,,,
369,1999,2,14,7,2,372,2,3,1,3,,第372回 1999年2月14日 チョキ,,,,,
370,1999,2,21,8,3,373,1,2,3,1,,第373回 1999年2月21日 パー,,,,,
371,1999,2,28,9,4,374,2,1,2,3,,第374回 1999年2月28日 チョキ,,,,,
372,1999,3,7,10,1,375,3,2,1,2,,第375回 1999年3月7日 グー,,,,,
373,1999,3,14,11,2,376,3,3,2,1,,第376回 1999年3月14日 グー,,,,,
374,1999,3,21,12,3,377,1,3,3,2,,第377回 1999年3月21日 パー,,,,,
375,1999,3,28,13,4,378,2,1,3,3,,第378回 1999年3月28日 チョキ,,,,,
376,1999,4,4,14,1,379,3,2,1,3,,第379回 1999年4月4日 グー,,,,,
377,1999,4,11,15,2,380,2,3,2,1,,第380回 1999年4月11日 チョキ,,,,,
378,1999,4,18,16,3,381,3,2,3,2,,第381回 1999年4月18日 グー,,,,,
379,1999,4,25,17,4,382,3,3,2,3,,第382回 1999年4月25日 グー,,,,,
380,1999,5,2,18,1,383,1,3,3,2,,第383回 1999年5月2日 パー,,,,,
381,1999,5,9,19,2,384,1,1,3,3,,第384回 1999年5月9日 パー,,,,,
382,1999,5,16,20,3,385,2,1,1,3,,第385回 1999年5月16日 チョキ,,,,,
383,1999,5,23,21,4,386,3,2,1,1,,第386回 1999年5月23日 グー,,,,,
384,1999,5,30,22,5,387,1,3,2,1,,第387回 1999年5月30日 パー,,,,,
385,1999,6,6,23,1,388,3,1,3,2,,第388回 1999年6月6日 グー,,,,,
386,1999,6,13,24,2,389,2,3,1,3,,第389回 1999年6月13日 チョキ,,,,,
387,1999,6,20,25,3,390,3,2,3,1,,第390回 1999年6月20日 グー,,,,,
388,1999,6,27,26,4,391,1,3,2,3,,第391回 1999年6月27日 パー,,,,,
389,1999,7,4,27,1,392,1,1,3,2,,第392回 1999年7月4日 パー,,,,,
390,1999,7,11,28,2,393,1,1,1,3,,第393回 1999年7月11日 パー,,,,,
391,1999,7,18,29,3,394,2,1,1,1,,第394回 1999年7月18日 チョキ ※'99FNS1億2700万人の27時間テレビ夢列島,,,,,
392,1999,7,25,30,4,395,3,2,1,1,,第395回 1999年7月25日 グー,,,,,
393,1999,8,1,31,1,396,1,3,2,1,,第396回 1999年8月1日 パー,,,,,
394,1999,8,8,32,2,397,2,1,3,2,,第397回 1999年8月8日 チョキ,,,,,
395,1999,8,15,33,3,398,3,2,1,3,,第398回 1999年8月15日 グー,,,,,
396,1999,8,22,34,4,399,2,3,2,1,,第399回 1999年8月22日 チョキ,,,,,
397,1999,8,29,35,5,400,2,2,3,2,,第400回 1999年8月29日 チョキ,,,,,
398,1999,9,5,36,1,401,2,2,2,3,,第401回 1999年9月5日 チョキ,,,,,
399,1999,9,12,37,2,402,1,2,2,2,,第402回 1999年9月12日 パー,,,,,
400,1999,9,19,38,3,403,3,1,2,2,,第403回 1999年9月19日 グー,,,,,
401,1999,9,26,39,4,404,3,3,1,2,,第404回 1999年9月26日 グー,,,,,
402,1999,10,3,40,1,405,1,3,3,1,,第405回 1999年10月3日 パー,,,,,
403,1999,10,10,41,2,406,3,1,3,3,,第406回 1999年10月10日 グー,,,,,
404,1999,10,17,42,3,407,1,3,1,3,,第407回 1999年10月17日 パー,,,,,
405,1999,10,31,44,5,408,2,1,3,1,,第408回 1999年10月31日 チョキ,,,,,
406,1999,11,7,45,1,409,2,2,1,3,,第409回 1999年11月7日 チョキ,,,,,
407,1999,11,14,46,2,410,1,2,2,1,,第410回 1999年11月14日 パー,,,,,
408,1999,11,21,47,3,411,1,1,2,2,,第411回 1999年11月21日 パー,,,,,
409,1999,11,28,48,4,412,3,1,1,2,,第412回 1999年11月28日 グー,,,,,
410,1999,12,5,49,1,413,2,3,1,1,,第413回 1999年12月5日 チョキ,,,,,
411,1999,12,12,50,2,414,3,2,3,1,,第414回 1999年12月12日 グー,,,,,
412,1999,12,19,51,3,415,3,3,2,3,,第415回 1999年12月19日 グー,,,,,
413,1999,12,26,52,4,416,2,3,3,2,,第416回 1999年12月26日 チョキ ※サザエさん年末大感謝祭スペシャル(18:00～19:00)、じゃんけんはカツオが出した,,,,,
414,2000,,,,,417,2,2,3,3,,放送休止 2000年1月2日 ※年始特番のため,,,,,
415,,,,,,418,1,2,2,3,,第417回 2000年1月9日 チョキ,,,,,
416,,,,,,419,3,1,2,2,,放送休止 2000年1月16日 ※ちびまる子ちゃんスペシャルのため,,,,,
417,,,,,,420,3,3,1,2,,第418回 2000年1月23日 パー,,,,,
418,,,,,,421,2,3,3,1,,第419回 2000年1月30日 グー,,,,,htt1://1ark11.wakwak.2om/~hkn/bunseki0.htm
419,,,,,,422,1,2,3,3,,第420回 2000年2月6日 グー,,,,,
420,,,,,,423,1,1,2,3,,第421回 2000年2月13日 チョキ,,,,,
421,,,,,,424,3,1,1,2,,第422回 2000年2月20日 パー,,,,,
422,,,,,,425,2,3,1,1,,第423回 2000年2月27日 パー,,,,,
423,,,,,,426,1,2,3,1,,第424回 2000年3月5日 グー,,,,,
424,,,,,,427,3,1,2,3,,第425回 2000年3月12日 チョキ,,,,,
425,,,,,,428,2,3,1,2,,第426回 2000年3月19日 パー,,,,,
426,,,,,,429,2,2,3,1,,第427回 2000年3月26日 グー,,,,,
427,,,,,,430,3,2,2,3,,第428回 2000年4月2日 チョキ,,,,,
428,,,,,,431,2,3,2,2,,第429回 2000年4月9日 チョキ,,,,,
429,,,,,,432,1,2,3,2,,第430回 2000年4月16日 グー,,,,,
430,,,,,,433,3,1,2,3,,第431回 2000年4月23日 チョキ,,,,,
431,,,,,,434,2,3,1,2,,第432回 2000年4月30日 パー,,,,,
432,,,,,,435,3,2,3,1,,第433回 2000年5月7日 グー,,,,,
433,,,,,,436,3,3,2,3,,第434回 2000年5月14日 チョキ,,,,,
434,,,,,,437,2,3,3,2,,第435回 2000年5月21日 グー,,,,,
435,,,,,,438,1,2,3,3,,第436回 2000年5月28日 グー,,,,,
436,,,,,,439,3,1,2,3,,第437回 2000年6月4日 チョキ,,,,,
437,,,,,,440,2,3,1,2,,第438回 2000年6月11日 パー,,,,,
438,,,,,,441,2,2,3,1,,第439回 2000年6月18日 グー,,,,,
439,,,,,,442,2,2,2,3,,第440回 2000年6月25日 チョキ,,,,,
440,,,,,,443,1,2,2,2,,第441回 2000年7月2日 チョキ,,,,,
441,,,,,,444,1,1,2,2,,第442回 2000年7月9日 チョキ ※FNS1億2700万人の27時間テレビ夢列島,,,,,
442,,,,,,445,2,1,1,2,,第443回 2000年7月16日 パー,,,,,
443,,,,,,446,2,2,1,1,,第444回 2000年7月23日 パー ※プロ野球オールスター戦中継のため18:00から放送,,,,,
444,,,,,,447,1,2,2,1,,第445回 2000年7月30日 チョキ,,,,,
445,,,,,,448,3,1,2,2,,第446回 2000年8月6日 チョキ,,,,,
446,,,,,,449,1,3,1,2,,第447回 2000年8月13日 パー,,,,,
447,,,,,,450,3,1,3,1,,第448回 2000年8月20日 グー,,,,,
448,,,,,,451,2,3,1,3,,第449回 2000年8月27日 パー,,,,,
449,,,,,,452,2,2,3,1,,第450回 2000年9月3日 グー,,,,,
450,,,,,,453,1,2,2,3,,第451回 2000年9月10日 チョキ,,,,,
451,,,,,,454,1,1,2,2,,第452回 2000年9月17日 チョキ,,,,,
452,,,,,,455,3,1,1,2,,第453回 2000年9月24日 パー,,,,,
453,,,,,,456,3,3,1,1,,第454回 2000年10月1日 パー,,,,,
454,,,,,,457,1,3,3,1,,第455回 2000年10月8日 グー,,,,,
455,,,,,,458,2,1,3,3,,第456回 2000年10月15日 グー,,,,,
456,,,,,,459,2,2,1,3,,第457回 2000年10月22日 パー,,,,,
457,,,,,,460,1,2,2,1,,第458回 2000年10月29日 チョキ,,,,,
458,,,,,,461,2,1,2,2,,第459回 2000年11月5日 チョキ,,,,,
459,,,,,,462,1,2,1,2,,第460回 2000年11月12日 パー,,,,,
460,,,,,,463,3,1,2,1,,第461回 2000年11月19日 チョキ,,,,,
461,,,,,,464,1,3,1,2,,第462回 2000年11月26日 パー,,,,,
462,,,,,,465,2,1,3,1,,第463回 2000年12月3日 グー,,,,,
463,,,,,,466,2,2,1,3,,第464回 2000年12月10日 パー,,,,,
464,,,,,,467,1,2,2,1,,第465回 2000年12月17日 チョキ,,,,,
465,,,,,,468,2,1,2,2,,第466回 2000年12月24日 チョキ,,,,,
466,,,,,,469,1,2,1,2,,第467回 2000年12月31日 パー,,,,,
467,,,,,,470,3,1,2,1,,,,,,,
468,,,,,,471,3,3,1,2,,,,,,,
469,,,,,,472,2,3,3,1,,,,,,,
470,,,,,,473,2,2,3,3,,,,,,,
471,,,,,,474,2,2,2,3,,,,,,,
472,,,,,,475,3,2,2,2,,,,,,,
473,,,,,,476,2,3,2,2,,,,,,,
474,,,,,,477,1,2,3,2,,,,,,,
475,,,,,,478,2,1,2,3,,,,,,,
476,,,,,,479,3,2,1,2,,,,,,,
477,,,,,,480,2,3,2,1,,,,,,,
478,,,,,,481,1,2,3,2,,,,,,,
479,,,,,,482,3,1,2,3,,,,,,,
480,,,,,,483,3,3,1,2,,,,,,,
481,,,,,,484,1,3,3,1,,,,,,,
482,,,,,,485,2,1,3,3,,,,,,,
483,,,,,,486,1,2,1,3,,,,,,,
484,,,,,,487,3,1,2,1,,,,,,,
485,,,,,,488,1,3,1,2,,,,,,,
486,,,,,,489,3,1,3,1,,,,,,,
487,,,,,,490,3,3,1,3,,,,,,,
488,,,,,,491,2,3,3,1,,,,,,,
489,,,,,,492,2,2,3,3,,,,,,,
490,,,,,,493,1,2,2,3,,,,,,,
491,,,,,,494,3,1,2,2,,,,,,,
492,,,,,,495,1,3,1,2,,,,,,,
493,,,,,,496,2,1,3,1,,,,,,,
494,,,,,,497,1,2,1,3,,,,,,,
495,,,,,,498,2,1,2,1,,,,,,,
496,,,,,,499,3,2,1,2,,,,,,,
497,,,,,,500,3,3,2,1,,,,,,,
498,,,,,,501,1,3,3,2,,,,,,,
499,,,,,,502,2,1,3,3,,,,,,,
500,,,,,,503,1,2,1,3,,,,,,,
501,,,,,,504,1,1,2,1,,,,,,,
502,,,,,,505,2,1,1,2,,,,,,,
503,,,,,,506,2,2,1,1,,,,,,,
504,,,,,,507,3,2,2,1,,,,,,,
505,,,,,,508,2,3,2,2,,,,,,,
506,,,,,,509,1,2,3,2,,,,,,,
507,,,,,,510,2,1,2,3,,,,,,,
508,,,,,,511,3,2,1,2,,,,,,,
509,,,,,,512,3,3,2,1,,,,,,,
510,,,,,,513,1,3,3,2,,,,,,,
511,,,,,,514,2,1,3,3,,,,,,,
512,,,,,,515,1,2,1,3,,,,,,,
513,,,,,,516,2,1,2,1,,,,,,,
514,,,,,,517,3,2,1,2,,,,,,,
515,,,,,,518,1,3,2,1,,,,,,,
516,,,,,,519,2,1,3,2,,,,,,,
517,,,,,,520,2,2,1,3,,,,,,,
518,,,,,,521,1,2,2,1,,,,,,,
519,,,,,,522,3,1,2,2,,,,,,,
520,,,,,,523,2,3,1,2,,,,,,,
521,,,,,,524,1,2,3,1,,,,,,,
522,,,,,,525,3,1,2,3,,,,,,,
523,,,,,,526,3,3,1,2,,,,,,,
524,,,,,,527,2,3,3,1,,,,,,,
525,,,,,,528,3,2,3,3,,,,,,,
526,,,,,,529,1,3,2,3,,,,,,,
527,,,,,,530,3,1,3,2,,,,,,,
528,,,,,,531,2,3,1,3,,,,,,,
529,,,,,,532,2,2,3,1,,,,,,,
530,,,,,,533,3,2,2,3,,,,,,,
531,,,,,,534,1,3,2,2,,,,,,,
532,,,,,,535,2,1,3,2,,,,,,,
533,,,,,,536,1,2,1,3,,,,,,,
534,,,,,,537,3,1,2,1,,,,,,,
535,,,,,,538,2,3,1,2,,,,,,,
536,,,,,,539,2,2,3,1,,,,,,,
537,,,,,,540,1,2,2,3,,,,,,,
538,,,,,,541,3,1,2,2,,,,,,,
539,,,,,,542,2,3,1,2,,,,,,,
540,,,,,,543,1,2,3,1,,,,,,,
541,,,,,,544,2,1,2,3,,,,,,,
542,,,,,,545,2,2,1,2,,,,,,,
543,,,,,,546,3,2,2,1,,,,,,,
544,,,,,,547,1,3,2,2,,,,,,,
545,,,,,,548,2,1,3,2,,,,,,,
546,,,,,,549,3,2,1,3,,,,,,,
547,,,,,,550,3,3,2,1,,,,,,,
548,,,,,,551,1,3,3,2,,,,,,,
549,,,,,,552,3,1,3,3,,,,,,,
550,,,,,,553,2,3,1,3,,,,,,,
551,,,,,,554,3,2,3,1,,,,,,,
552,,,,,,555,3,3,2,3,,,,,,,
553,,,,,,556,2,3,3,2,,,,,,,
554,,,,,,557,2,2,3,3,,,,,,,
555,,,,,,558,1,2,2,3,,,,,,,
556,,,,,,559,3,1,2,2,,,,,,,
557,,,,,,560,3,3,1,2,,,,,,,
558,,,,,,561,2,3,3,1,,,,,,,
559,,,,,,562,1,2,3,3,,,,,,,
560,,,,,,563,3,1,2,3,,,,,,,
561,,,,,,564,2,3,1,2,,,,,,,
562,,,,,,565,1,2,3,1,,,,,,,
563,,,,,,566,1,1,2,3,,,,,,,
564,,,,,,567,3,1,1,2,,,,,,,
565,,,,,,568,2,3,1,1,,,,,,,
566,,,,,,569,2,2,3,1,,,,,,,
567,,,,,,570,1,2,2,3,,,,,,,
568,,,,,,571,3,1,2,2,,,,,,,
569,,,,,,572,1,3,1,2,,,,,,,
570,,,,,,573,2,1,3,1,,,,,,,
571,,,,,,574,1,2,1,3,,,,,,,
572,,,,,,575,2,1,2,1,,,,,,,
573,,,,,,576,3,2,1,2,,,,,,,
574,,,,,,577,1,3,2,1,,,,,,,
575,,,,,,578,2,1,3,2,,,,,,,
576,,,,,,579,2,2,1,3,,,,,,,
577,,,,,,580,3,2,2,1,,,,,,,
578,,,,,,581,2,3,2,2,,,,,,,
579,,,,,,582,2,2,3,2,,,,,,,
580,,,,,,583,1,2,2,3,,,,,,,
581,,,,,,584,1,1,2,2,,,,,,,
582,,,,,,585,3,1,1,2,,,,,,,
583,,,,,,586,3,3,1,1,,,,,,,
584,,,,,,587,3,3,3,1,,,,,,,
585,,,,,,588,2,3,3,3,,,,,,,
586,,,,,,589,1,2,3,3,,,,,,,
587,,,,,,590,2,1,2,3,,,,,,,
588,,,,,,591,1,2,1,2,,,,,,,
589,,,,,,592,1,1,2,1,,,,,,,
590,,,,,,593,3,1,1,2,,,,,,,
591,,,,,,594,2,3,1,1,,,,,,,
592,,,,,,595,3,2,3,1,,,,,,,
593,,,,,,596,1,3,2,3,,,,,,,
594,,,,,,597,1,1,3,2,,,,,,,
595,,,,,,598,2,1,1,3,,,,,,,
596,,,,,,599,1,2,1,1,,,,,,,
597,,,,,,600,1,1,2,1,,,,,,,
598,,,,,,601,1,1,1,2,,,,,,,
599,,,,,,602,2,1,1,1,,,,,,,
600,,,,,,603,3,2,1,1,,,,,,,
601,,,,,,604,3,3,2,1,,,,,,,
602,,,,,,605,3,3,3,2,,,,,,,
603,,,,,,606,1,3,3,3,,,,,,,
604,,,,,,607,2,1,3,3,,,,,,,
605,,,,,,608,3,2,1,3,,,,,,,
606,,,,,,609,1,3,2,1,,,,,,,
607,,,,,,610,1,1,3,2,,,,,,,
608,,,,,,611,2,1,1,3,,,,,,,
609,,,,,,612,2,2,1,1,,,,,,,
610,,,,,,613,3,2,2,1,,,,,,,
611,,,,,,614,2,3,2,2,,,,,,,
612,,,,,,615,1,2,3,2,,,,,,,
613,,,,,,616,1,1,2,3,,,,,,,
614,,,,,,617,3,1,1,2,,,,,,,
615,,,,,,618,1,3,1,1,,,,,,,
616,,,,,,619,2,1,3,1,,,,,,,
617,,,,,,620,2,2,1,3,,,,,,,
618,,,,,,621,1,2,2,1,,,,,,,
619,,,,,,622,1,1,2,2,,,,,,,
620,,,,,,623,2,1,1,2,,,,,,,
621,,,,,,624,3,2,1,1,,,,,,,
622,,,,,,625,2,3,2,1,,,,,,,
623,,,,,,626,3,2,3,2,,,,,,,
624,,,,,,627,3,3,2,3,,,,,,,
625,,,,,,628,1,3,3,2,,,,,,,
626,,,,,,629,1,1,3,3,,,,,,,
627,,,,,,630,2,1,1,3,,,,,,,
628,,,,,,631,1,2,1,1,,,,,,,
629,,,,,,632,2,1,2,1,,,,,,,
630,,,,,,633,2,2,1,2,,,,,,,
631,,,,,,634,3,2,2,1,,,,,,,
632,,,,,,635,1,3,2,2,,,,,,,
633,,,,,,636,3,1,3,2,,,,,,,
634,,,,,,637,2,3,1,3,,,,,,,
635,,,,,,638,1,2,3,1,,,,,,,
636,,,,,,639,3,1,2,3,,,,,,,
637,,,,,,640,3,3,1,2,,,,,,,
638,,,,,,641,2,3,3,1,,,,,,,
639,,,,,,642,1,2,3,3,,,,,,,
640,,,,,,643,3,1,2,3,,,,,,,
641,,,,,,644,1,3,1,2,,,,,,,
642,,,,,,645,2,1,3,1,,,,,,,
643,,,,,,646,1,2,1,3,,,,,,,
644,,,,,,647,1,1,2,1,,,,,,,
645,,,,,,648,2,1,1,2,,,,,,,
646,,,,,,649,3,2,1,1,,,,,,,
647,,,,,,650,1,3,2,1,,,,,,,
648,,,,,,651,3,1,3,2,,,,,,,
649,,,,,,652,3,3,1,3,,,,,,,
650,,,,,,653,2,3,3,1,,,,,,,
651,,,,,,654,1,2,3,3,,,,,,,
652,,,,,,655,3,1,2,3,,,,,,,
653,,,,,,656,3,3,1,2,,,,,,,
654,,,,,,657,2,3,3,1,,,,,,,
655,,,,,,658,2,2,3,3,,,,,,,
656,,,,,,659,1,2,2,3,,,,,,,
657,,,,,,660,3,1,2,2,,,,,,,
658,,,,,,661,3,3,1,2,,,,,,,
659,,,,,,662,3,3,3,1,,,,,,,
660,,,,,,663,3,3,3,3,,,,,,,
661,,,,,,664,2,3,3,3,,,,,,,
662,,,,,,665,1,2,3,3,,,,,,,
663,,,,,,666,2,1,2,3,,,,,,,
664,,,,,,667,3,2,1,2,,,,,,,
665,,,,,,668,2,3,2,1,,,,,,,
666,,,,,,669,1,2,3,2,,,,,,,
667,,,,,,670,1,1,2,3,,,,,,,
668,,,,,,671,2,1,1,2,,,,,,,
669,,,,,,672,1,2,1,1,,,,,,,
670,,,,,,673,3,1,2,1,,,,,,,
671,,,,,,674,3,3,1,2,,,,,,,
672,,,,,,675,1,3,3,1,,,,,,,
673,,,,,,676,2,1,3,3,,,,,,,
674,,,,,,677,1,2,1,3,,,,,,,
675,,,,,,678,2,1,2,1,,,,,,,
676,,,,,,679,2,2,1,2,,,,,,,
677,,,,,,680,3,2,2,1,,,,,,,
678,,,,,,681,1,3,2,2,,,,,,,
679,,,,,,682,3,1,3,2,,,,,,,
680,,,,,,683,2,3,1,3,,,,,,,
681,,,,,,684,2,2,3,1,,,,,,,
682,,,,,,685,3,2,2,3,,,,,,,
683,,,,,,686,1,3,2,2,,,,,,,
684,,,,,,687,1,1,3,2,,,,,,,
685,,,,,,688,1,1,1,3,,,,,,,
686,,,,,,689,3,1,1,1,,,,,,,
687,,,,,,690,2,3,1,1,,,,,,,
688,,,,,,691,3,2,3,1,,,,,,,
689,,,,,,692,2,3,2,3,,,,,,,
690,,,,,,693,3,2,3,2,,,,,,,
691,,,,,,694,1,3,2,3,,,,,,,
692,,,,,,695,2,1,3,2,,,,,,,
693,,,,,,696,2,2,1,3,,,,,,,
694,,,,,,697,1,2,2,1,,,,,,,
695,,,,,,698,2,1,2,2,,,,,,,
696,,,,,,699,2,2,1,2,,,,,,,
697,,,,,,700,3,2,2,1,,,,,,,
698,,,,,,701,3,3,2,2,,,,,,,
699,,,,,,702,2,3,3,2,,,,,,,
700,,,,,,703,1,2,3,3,,,,,,,
701,,,,,,704,2,1,2,3,,,,,,,
702,,,,,,705,3,2,1,2,,,,,,,
703,,,,,,706,1,3,2,1,,,,,,,
704,,,,,,707,2,1,3,2,,,,,,,
705,,,,,,708,3,2,1,3,,,,,,,
706,,,,,,709,1,3,2,1,,,,,,,
707,,,,,,710,2,1,3,2,,,,,,,
708,,,,,,711,1,2,1,3,,,,,,,
709,,,,,,712,1,1,2,1,,,,,,,
710,,,,,,713,3,1,1,2,,,,,,,
711,,,,,,714,3,3,1,1,,,,,,,
712,,,,,,715,2,3,3,1,,,,,,,
713,,,,,,716,1,2,3,3,,,,,,,
714,,,,,,717,2,1,2,3,,,,,,,
715,,,,,,718,2,2,1,2,,,,,,,
716,,,,,,719,3,2,2,1,,,,,,,
717,,,,,,720,1,3,2,2,,,,,,,
718,,,,,,721,2,1,3,2,,,,,,,
719,,,,,,722,1,2,1,3,,,,,,,
720,,,,,,723,3,1,2,1,,,,,,,
721,,,,,,724,3,3,1,2,,,,,,,
722,,,,,,725,3,3,3,1,,,,,,,
723,,,,,,726,2,3,3,3,,,,,,,
724,,,,,,727,1,2,3,3,,,,,,,
725,,,,,,728,2,1,2,3,,,,,,,
726,,,,,,729,1,2,1,2,,,,,,,
727,,,,,,730,3,1,2,1,,,,,,,
728,,,,,,731,1,3,1,2,,,,,,,
729,,,,,,732,2,1,3,1,,,,,,,
730,,,,,,733,1,2,1,3,,,,,,,
731,,,,,,734,1,1,2,1,,,,,,,
732,,,,,,735,2,1,1,2,,,,,,,
733,,,,,,736,3,2,1,1,,,,,,,
734,,,,,,737,2,3,2,1,,,,,,,
735,,,,,,738,1,2,3,2,,,,,,,
736,,,,,,739,1,1,2,3,,,,,,,
737,,,,,,740,3,1,1,2,,,,,,,
738,,,,,,741,2,3,1,1,,,,,,,
739,,,,,,742,3,2,3,1,,,,,,,
740,,,,,,743,2,3,2,3,,,,,,,
741,,,,,,744,1,2,3,2,,,,,,,
742,,,,,,745,2,1,2,3,,,,,,,
743,,,,,,746,2,2,1,2,,,,,,,
744,,,,,,747,1,2,2,1,,,,,,,
745,,,,,,748,3,1,2,2,,,,,,,
746,,,,,,749,1,3,1,2,,,,,,,
747,,,,,,750,2,1,3,1,,,,,,,
748,,,,,,751,1,2,1,3,,,,,,,
749,,,,,,752,2,1,2,1,,,,,,,
750,,,,,,753,2,2,1,2,,,,,,,
751,,,,,,754,3,2,2,1,,,,,,,
752,,,,,,755,1,3,2,2,,,,,,,
753,,,,,,756,1,1,3,2,,,,,,,
754,,,,,,757,3,1,1,3,,,,,,,
755,,,,,,758,2,3,1,1,,,,,,,
756,,,,,,759,3,2,3,1,,,,,,,
757,,,,,,760,1,3,2,3,,,,,,,
758,,,,,,761,3,1,3,2,,,,,,,
759,,,,,,762,2,3,1,3,,,,,,,
760,,,,,,763,3,2,3,1,,,,,,,
761,,,,,,764,3,3,2,3,,,,,,,
762,,,,,,765,1,3,3,2,,,,,,,
763,,,,,,766,2,1,3,3,,,,,,,
764,,,,,,767,2,2,1,3,,,,,,,
765,,,,,,768,1,2,2,1,,,,,,,
766,,,,,,769,3,1,2,2,,,,,,,
767,,,,,,770,3,3,1,2,,,,,,,
768,,,,,,771,2,3,3,1,,,,,,,
769,,,,,,772,3,2,3,3,,,,,,,
770,,,,,,773,2,3,2,3,,,,,,,
771,,,,,,774,1,2,3,2,,,,,,,
772,,,,,,775,2,1,2,3,,,,,,,
773,,,,,,776,2,2,1,2,,,,,,,
774,,,,,,777,3,2,2,1,,,,,,,
775,,,,,,778,3,3,2,2,,,,,,,
776,,,,,,779,2,3,3,2,,,,,,,
777,,,,,,780,3,2,3,3,,,,,,,
778,,,,,,781,1,3,2,3,,,,,,,
779,,,,,,782,1,1,3,2,,,,,,,
780,,,,,,783,2,1,1,3,,,,,,,
781,,,,,,784,3,2,1,1,,,,,,,
782,,,,,,785,3,3,2,1,,,,,,,
783,,,,,,786,1,3,3,2,,,,,,,
784,,,,,,787,1,1,3,3,,,,,,,
785,,,,,,788,3,1,1,3,,,,,,,
786,,,,,,789,2,3,1,1,,,,,,,
787,,,,,,790,2,2,3,1,,,,,,,
788,,,,,,791,3,2,2,3,,,,,,,
789,,,,,,792,1,3,2,2,,,,,,,
790,,,,,,793,3,1,3,2,,,,,,,
791,,,,,,794,3,3,1,3,,,,,,,
792,,,,,,795,2,3,3,1,,,,,,,
793,,,,,,796,2,2,3,3,,,,,,,
794,,,,,,797,1,2,2,3,,,,,,,
795,,,,,,798,1,1,2,2,,,,,,,
796,,,,,,799,2,1,1,2,,,,,,,
797,,,,,,800,3,2,1,1,,,,,,,
798,,,,,,801,1,3,2,1,,,,,,,
799,,,,,,802,3,1,3,2,,,,,,,
800,,,,,,803,2,3,1,3,,,,,,,
801,,,,,,804,1,2,3,1,,,,,,,
802,,,,,,805,2,1,2,3,,,,,,,
803,,,,,,806,3,2,1,2,,,,,,,
804,,,,,,807,3,3,2,1,,,,,,,
805,,,,,,808,2,3,3,2,,,,,,,
806,,,,,,809,1,2,3,3,,,,,,,
807,,,,,,810,2,1,2,3,,,,,,,
808,,,,,,811,1,2,1,2,,,,,,,
809,,,,,,812,3,1,2,1,,,,,,,
810,,,,,,813,1,3,1,2,,,,,,,
811,,,,,,814,2,1,3,1,,,,,,,
812,,,,,,815,2,2,1,3,,,,,,,
813,,,,,,816,3,2,2,1,,,,,,,
814,,,,,,817,3,3,2,2,,,,,,,
815,,,,,,818,2,3,3,2,,,,,,,
816,,,,,,819,1,2,3,3,,,,,,,
817,,,,,,820,2,1,2,3,,,,,,,
818,,,,,,821,3,2,1,2,,,,,,,
819,,,,,,822,1,3,2,1,,,,,,,
820,,,,,,823,2,1,3,2,,,,,,,
821,,,,,,824,1,2,1,3,,,,,,,
822,,,,,,825,2,1,2,1,,,,,,,
823,,,,,,826,3,2,1,2,,,,,,,
824,,,,,,827,1,3,2,1,,,,,,,
825,,,,,,828,2,1,3,2,,,,,,,
826,,,,,,829,1,2,1,3,,,,,,,
827,,,,,,830,3,1,2,1,,,,,,,
828,,,,,,831,3,3,1,2,,,,,,,
829,,,,,,832,1,3,3,1,,,,,,,
830,,,,,,833,2,1,3,3,,,,,,,
831,,,,,,834,2,2,1,3,,,,,,,
832,,,,,,835,3,2,2,1,,,,,,,
833,,,,,,836,1,3,2,2,,,,,,,
834,,,,,,837,2,1,3,2,,,,,,,
835,,,,,,838,1,2,1,3,,,,,,,
836,,,,,,839,2,1,2,1,,,,,,,
837,,,,,,840,3,2,1,2,,,,,,,
838,,,,,,841,2,3,2,1,,,,,,,
839,,,,,,842,3,2,3,2,,,,,,,
840,,,,,,843,1,3,2,3,,,,,,,
841,,,,,,844,2,1,3,2,,,,,,,
842,,,,,,845,3,2,1,3,,,,,,,
843,,,,,,846,2,3,2,1,,,,,,,
844,,,,,,847,1,2,3,2,,,,,,,
845,,,,,,848,2,1,2,3,,,,,,,
846,,,,,,849,3,2,1,2,,,,,,,
847,,,,,,850,1,3,2,1,,,,,,,
848,,,,,,851,2,1,3,2,,,,,,,
849,,,,,,852,3,2,1,3,,,,,,,
850,,,,,,853,2,3,2,1,,,,,,,
851,,,,,,854,1,2,3,2,,,,,,,
852,,,,,,855,3,1,2,3,,,,,,,
853,,,,,,856,2,3,1,2,,,,,,,
854,,,,,,857,3,2,3,1,,,,,,,
855,,,,,,858,1,3,2,3,,,,,,,
856,,,,,,859,1,1,3,2,,,,,,,
857,,,,,,860,2,1,1,3,,,,,,,
858,,,,,,861,2,2,1,1,,,,,,,
859,,,,,,862,2,2,2,1,,,,,,,
860,,,,,,863,1,2,2,2,,,,,,,
861,,,,,,864,2,1,2,2,,,,,,,
862,,,,,,865,3,2,1,2,,,,,,,
863,,,,,,866,2,3,2,1,,,,,,,
864,,,,,,867,1,2,3,2,,,,,,,
865,,,,,,868,3,1,2,3,,,,,,,
866,,,,,,869,2,3,1,2,,,,,,,
867,,,,,,870,2,2,3,1,,,,,,,
868,,,,,,871,1,2,2,3,,,,,,,
869,,,,,,872,1,1,2,2,,,,,,,
870,,,,,,873,3,1,1,2,,,,,,,
871,,,,,,874,2,3,1,1,,,,,,,
872,,,,,,875,3,2,3,1,,,,,,,
873,,,,,,876,2,3,2,3,,,,,,,
874,,,,,,877,1,2,3,2,,,,,,,
875,,,,,,878,1,1,2,3,,,,,,,
876,,,,,,879,3,1,1,2,,,,,,,
877,,,,,,880,3,3,1,1,,,,,,,
878,,,,,,881,2,3,3,1,,,,,,,
879,,,,,,882,1,2,3,3,,,,,,,
880,,,,,,883,3,1,2,3,,,,,,,
881,,,,,,884,1,3,1,2,,,,,,,
882,,,,,,885,1,1,3,1,,,,,,,
883,,,,,,886,2,1,1,3,,,,,,,
884,,,,,,887,3,2,1,1,,,,,,,
885,,,,,,888,2,3,2,1,,,,,,,
886,,,,,,889,1,2,3,2,,,,,,,
887,,,,,,890,3,1,2,3,,,,,,,
888,,,,,,891,3,3,1,2,,,,,,,
889,,,,,,892,2,3,3,1,,,,,,,
890,,,,,,893,1,2,3,3,,,,,,,
891,,,,,,894,2,1,2,3,,,,,,,
892,,,,,,895,1,2,1,2,,,,,,,
893,,,,,,896,3,1,2,1,,,,,,,
894,,,,,,897,2,3,1,2,,,,,,,
895,,,,,,898,1,2,3,1,,,,,,,
896,,,,,,899,3,1,2,3,,,,,,,
897,,,,,,900,1,3,1,2,,,,,,,
898,,,,,,901,1,1,3,1,,,,,,,
899,,,,,,902,2,1,1,3,,,,,,,
900,,,,,,903,3,2,1,1,,,,,,,
901,,,,,,904,2,3,2,1,,,,,,,
902,,,,,,905,1,2,3,2,,,,,,,
903,,,,,,906,3,1,2,3,,,,,,,
904,,,,,,907,2,3,1,2,,,,,,,
905,,,,,,908,2,2,3,1,,,,,,,
906,,,,,,909,1,2,2,3,,,,,,,
907,,,,,,910,3,1,2,2,,,,,,,
908,,,,,,911,2,3,1,2,,,,,,,
909,,,,,,912,2,2,3,1,,,,,,,
910,,,,,,913,1,2,2,3,,,,,,,
911,,,,,,914,1,1,2,2,,,,,,,
912,,,,,,915,3,1,1,2,,,,,,,
913,,,,,,916,3,3,1,1,,,,,,,
914,,,,,,917,2,3,3,1,,,,,,,
915,,,,,,918,1,2,3,3,,,,,,,
916,,,,,,919,2,1,2,3,,,,,,,
917,,,,,,920,3,2,1,2,,,,,,,
918,,,,,,921,1,3,2,1,,,,,,,
919,,,,,,922,2,1,3,2,,,,,,,
920,,,,,,923,3,2,1,3,,,,,,,
921,,,,,,924,1,3,2,1,,,,,,,
922,,,,,,925,1,1,3,2,,,,,,,
923,,,,,,926,3,1,1,3,,,,,,,
924,,,,,,927,2,3,1,1,,,,,,,
925,,,,,,928,2,2,3,1,,,,,,,
926,,,,,,929,1,2,2,3,,,,,,,
927,,,,,,930,3,1,2,2,,,,,,,
928,,,,,,931,3,3,1,2,,,,,,,
929,,,,,,932,2,3,3,1,,,,,,,
930,,,,,,933,1,2,3,3,,,,,,,
931,,,,,,934,2,1,2,3,,,,,,,
932,,,,,,935,1,2,1,2,,,,,,,
933,,,,,,936,3,1,2,1,,,,,,,
934,,,,,,937,1,3,1,2,,,,,,,
935,,,,,,938,3,1,3,1,,,,,,,
936,,,,,,939,2,3,1,3,,,,,,,
937,,,,,,940,3,2,3,1,,,,,,,
938,,,,,,941,2,3,2,3,,,,,,,
939,,,,,,942,1,2,3,2,,,,,,,
940,,,,,,943,2,1,2,3,,,,,,,
941,,,,,,944,3,2,1,2,,,,,,,
942,,,,,,945,1,3,2,1,,,,,,,
943,,,,,,946,2,1,3,2,,,,,,,
944,,,,,,947,1,2,1,3,,,,,,,
945,,,,,,948,2,1,2,1,,,,,,,
946,,,,,,949,3,2,1,2,,,,,,,
947,,,,,,950,1,3,2,1,,,,,,,
948,,,,,,951,2,1,3,2,,,,,,,
949,,,,,,952,3,2,1,3,,,,,,,
950,,,,,,953,3,3,2,1,,,,,,,
951,,,,,,954,1,3,3,2,,,,,,,
952,,,,,,955,2,1,3,3,,,,,,,
953,,,,,,956,1,2,1,3,,,,,,,
954,,,,,,957,1,1,2,1,,,,,,,
955,,,,,,958,3,1,1,2,,,,,,,
956,,,,,,959,2,3,1,1,,,,,,,
957,,,,,,960,2,2,3,1,,,,,,,
958,,,,,,961,1,2,2,3,,,,,,,
959,,,,,,962,3,1,2,2,,,,,,,
960,,,,,,963,3,3,1,2,,,,,,,
961,,,,,,964,2,3,3,1,,,,,,,
962,,,,,,965,1,2,3,3,,,,,,,
963,,,,,,966,1,1,2,3,,,,,,,
964,,,,,,967,2,1,1,2,,,,,,,
965,,,,,,968,3,2,1,1,,,,,,,
966,,,,,,969,1,3,2,1,,,,,,,
967,,,,,,970,1,1,3,2,,,,,,,
968,,,,,,971,3,1,1,3,,,,,,,
969,,,,,,972,2,3,1,1,,,,,,,
970,,,,,,973,3,2,3,1,,,,,,,
971,,,,,,974,1,3,2,3,,,,,,,
972,,,,,,975,2,1,3,2,,,,,,,
973,,,,,,976,3,2,1,3,,,,,,,
974,,,,,,977,1,3,2,1,,,,,,,
975,,,,,,978,3,1,3,2,,,,,,,
976,,,,,,979,2,3,1,3,,,,,,,
977,,,,,,980,2,2,3,1,,,,,,,
978,,,,,,981,1,2,2,3,,,,,,,
979,,,,,,982,3,1,2,2,,,,,,,
980,,,,,,983,2,3,1,2,,,,,,,
981,,,,,,984,1,2,3,1,,,,,,,
982,,,,,,985,1,1,2,3,,,,,,,
983,,,,,,986,3,1,1,2,,,,,,,
984,,,,,,987,3,3,1,1,,,,,,,
985,,,,,,988,2,3,3,1,,,,,,,
986,,,,,,989,1,2,3,3,,,,,,,
987,,,,,,990,1,1,2,3,,,,,,,
988,,,,,,991,3,1,1,2,,,,,,,
989,,,,,,992,2,3,1,1,,,,,,,
990,,,,,,993,3,2,3,1,,,,,,,
991,,,,,,994,1,3,2,3,,,,,,,
992,,,,,,995,2,1,3,2,,,,,,,
993,,,,,,996,3,2,1,3,,,,,,,
994,,,,,,997,2,3,2,1,,,,,,,
995,,,,,,998,3,2,3,2,,,,,,,
996,,,,,,999,1,3,2,3,,,,,,,
997,,,,,,1000,1,1,3,2,,,,,,,
998,,,,,,1001,2,1,1,3,,,,,,,
999,,,,,,1002,3,2,1,1,,,,,,,
1000,,,,,,1003,1,3,2,1,,,,,,,
1001,,,,,,1004,3,1,3,2,,,,,,,
1002,,,,,,1005,2,3,1,3,,,,,,,
1003,,,,,,1006,3,2,3,1,,,,,,,
1004,,,,,,1007,2,3,2,3,,,,,,,
1005,,,,,,1008,1,2,3,2,,,,,,,
1006,,,,,,1009,3,1,2,3,,,,,,,
1007,,,,,,1010,3,3,1,2,,,,,,,
1008,,,,,,1011,2,3,3,1,,,,,,,
1009,,,,,,1012,1,2,3,3,,,,,,,
1010,,,,,,1013,1,1,2,3,,,,,,,
1011,,,,,,1014,2,1,1,2,,,,,,,
1012,,,,,,1015,3,2,1,1,,,,,,,
1013,,,,,,1016,1,3,2,1,,,,,,,
1014,,,,,,1017,1,1,3,2,,,,,,,
1015,,,,,,1018,2,1,1,3,,,,,,,
1016,,,,,,1019,3,2,1,1,,,,,,,
1017,,,,,,1020,3,3,2,1,,,,,,,
1018,,,,,,1021,2,3,3,2,,,,,,,
1019,,,,,,1022,1,2,3,3,,,,,,,
1020,,,,,,1023,1,1,2,3,,,,,,,
1021,,,,,,1024,3,1,1,2,,,,,,,
1022,,,,,,1025,2,3,1,1,,,,,,,
1023,,,,,,1026,3,2,3,1,,,,,,,
1024,,,,,,1027,1,3,2,3,,,,,,,
1025,,,,,,1028,1,1,3,2,,,,,,,
1026,,,,,,1029,2,1,1,3,,,,,,,
1027,,,,,,1030,3,2,1,1,,,,,,,
1028,,,,,,1031,1,3,2,1,,,,,,,
1029,,,,,,1032,1,1,3,2,,,,,,,
1030,,,,,,1033,2,1,1,3,,,,,,,
1031,,,,,,1034,3,2,1,1,,,,,,,
1032,,,,,,1035,2,3,2,1,,,,,,,
1033,,,,,,1036,1,2,3,2,,,,,,,
1034,,,,,,1037,3,1,2,3,,,,,,,
1035,,,,,,1038,1,3,1,2,,,,,,,
1036,,,,,,1039,2,1,3,1,,,,,,,
1037,,,,,,1040,3,2,1,3,,,,,,,
1038,,,,,,1041,1,3,2,1,,,,,,,
1039,,,,,,1042,2,1,3,2,,,,,,,
1040,,,,,,1043,1,2,1,3,,,,,,,
1041,,,,,,1044,2,1,2,1,,,,,,,
1042,,,,,,1045,2,2,1,2,,,,,,,
1043,,,,,,1046,3,2,2,1,,,,,,,
1044,,,,,,1047,3,3,2,2,,,,,,,
1045,,,,,,1048,1,3,3,2,,,,,,,
1046,,,,,,1049,1,1,3,3,,,,,,,
1047,,,,,,1050,2,1,1,3,,,,,,,
1048,,,,,,1051,3,2,1,1,,,,,,,
1049,,,,,,1052,1,3,2,1,,,,,,,
1050,,,,,,1053,1,1,3,2,,,,,,,
1051,,,,,,1054,3,1,1,3,,,,,,,
1052,,,,,,1055,2,3,1,1,,,,,,,
1053,,,,,,1056,2,2,3,1,,,,,,,
1054,,,,,,1057,1,2,2,3,,,,,,,
1055,,,,,,1058,3,1,2,2,,,,,,,
1056,,,,,,1059,3,3,1,2,,,,,,,
1057,,,,,,1060,1,3,3,1,,,,,,,
1058,,,,,,1061,2,1,3,3,,,,,,,
1059,,,,,,1062,1,2,1,3,,,,,,,
1060,,,,,,1063,2,1,2,1,,,,,,,
1061,,,,,,1064,3,2,1,2,,,,,,,
1062,,,,,,1065,2,3,2,1,,,,,,,
1063,,,,,,1066,1,2,3,2,,,,,,,
1064,,,,,,1067,2,1,2,3,,,,,,,
1065,,,,,,1068,3,2,1,2,,,,,,,
1066,,,,,,1069,3,3,2,1,,,,,,,
1067,,,,,,1070,1,3,3,2,,,,,,,
1068,,,,,,1071,2,1,3,3,,,,,,,
1069,,,,,,1072,3,2,1,3,,,,,,,
1070,,,,,,1073,1,3,2,1,,,,,,,
1071,,,,,,1074,1,1,3,2,,,,,,,
1072,,,,,,1075,2,1,1,3,,,,,,,
1073,,,,,,1076,3,2,1,1,,,,,,,
1074,,,,,,1077,2,3,2,1,,,,,,,
1075,,,,,,1078,3,2,3,2,,,,,,,
1076,,,,,,1079,1,3,2,3,,,,,,,
1077,,,,,,1080,2,1,3,2,,,,,,,
1078,,,,,,1081,1,2,1,3,,,,,,,
1079,,,,,,1082,2,1,2,1,,,,,,,
1080,,,,,,1083,1,2,1,2,,,,,,,
1081,,,,,,1084,1,1,2,1,,,,,,,
1082,,,,,,1085,2,1,1,2,,,,,,,
1083,,,,,,1086,3,2,1,1,,,,,,,
1084,,,,,,1087,3,3,2,1,,,,,,,
1085,,,,,,1088,2,3,3,2,,,,,,,
1086,,,,,,1089,1,2,3,3,,,,,,,
1087,,,,,,1090,3,1,2,3,,,,,,,
1088,,,,,,1091,2,3,1,2,,,,,,,
1089,,,,,,1092,1,2,3,1,,,,,,,
1090,,,,,,1093,2,1,2,3,,,,,,,
1091,,,,,,1094,1,2,1,2,,,,,,,
1092,,,,,,1095,3,1,2,1,,,,,,,
1093,,,,,,1096,3,3,1,2,,,,,,,
1094,,,,,,1097,2,3,3,1,,,,,,,
1095,,,,,,1098,1,2,3,3,,,,,,,
1096,,,,,,1099,1,1,2,3,,,,,,,
1097,,,,,,1100,2,1,1,2,,,,,,,
1098,,,,,,1101,3,2,1,1,,,,,,,
1099,,,,,,1102,2,3,2,1,,,,,,,
1100,,,,,,1103,1,2,3,2,,,,,,,
1101,,,,,,1104,1,1,2,3,,,,,,,
1102,,,,,,1105,2,1,1,2,,,,,,,
1103,,,,,,1106,3,2,1,1,,,,,,,
1104,,,,,,1107,3,3,2,1,,,,,,,
1105,,,,,,1108,1,3,3,2,,,,,,,
1106,,,,,,1109,2,1,3,3,,,,,,,
1107,,,,,,1110,2,2,1,3,,,,,,,
1108,,,,,,1111,1,2,2,1,,,,,,,
1109,,,,,,1112,3,1,2,2,,,,,,,
1110,,,,,,1113,3,3,1,2,,,,,,,
1111,,,,,,1114,2,3,3,1,,,,,,,
1112,,,,,,1115,1,2,3,3,,,,,,,
1113,,,,,,1116,1,1,2,3,,,,,,,
1114,,,,,,1117,2,1,1,2,,,,,,,
1115,,,,,,1118,2,2,1,1,,,,,,,
1116,,,,,,1119,3,2,2,1,,,,,,,
1117,,,,,,1120,1,3,2,2,,,,,,,
1118,,,,,,1121,3,1,3,2,,,,,,,
1119,,,,,,1122,2,3,1,3,,,,,,,
1120,,,,,,1123,1,2,3,1,,,,,,,
1121,,,,,,1124,2,1,2,3,,,,,,,
1122,,,,,,1125,3,2,1,2,,,,,,,
1123,,,,,,1126,3,3,2,1,,,,,,,
1124,,,,,,1127,1,3,3,2,,,,,,,
1125,,,,,,1128,2,1,3,3,,,,,,,
1126,,,,,,1129,1,2,1,3,,,,,,,
1127,,,,,,1130,3,1,2,1,,,,,,,
1128,,,,,,1131,2,3,1,2,,,,,,,
1129,,,,,,1132,3,2,3,1,,,,,,,
1130,,,,,,1133,3,3,2,3,,,,,,,
1131,,,,,,1134,1,3,3,2,,,,,,,
1132,,,,,,1135,2,1,3,3,,,,,,,
1133,,,,,,1136,1,2,1,3,,,,,,,
1134,,,,,,1137,3,1,2,1,,,,,,,
1135,,,,,,1138,1,3,1,2,,,,,,,
1136,,,,,,1139,2,1,3,1,,,,,,,
1137,,,,,,1140,1,2,1,3,,,,,,,
1138,,,,,,1141,3,1,2,1,,,,,,,
1139,,,,,,1142,2,3,1,2,,,,,,,
1140,,,,,,1143,1,2,3,1,,,,,,,
1141,,,,,,1144,2,1,2,3,,,,,,,
1142,,,,,,1145,3,2,1,2,,,,,,,
1143,,,,,,1146,2,3,2,1,,,,,,,
1144,,,,,,1147,2,2,3,2,,,,,,,
1145,,,,,,1148,1,2,2,3,,,,,,,
1146,,,,,,1149,3,1,2,2,,,,,,,
1147,,,,,,1150,1,3,1,2,,,,,,,
1148,,,,,,1151,2,1,3,1,,,,,,,
1149,,,,,,1152,1,2,1,3,,,,,,,
1150,,,,,,1153,3,1,2,1,,,,,,,
1151,,,,,,1154,2,3,1,2,,,,,,,
1152,,,,,,1155,1,2,3,1,,,,,,,
1153,,,,,,1156,1,1,2,3,,,,,,,
1154,,,,,,1157,2,1,1,2,,,,,,,
1155,,,,,,1158,3,2,1,1,,,,,,,
1156,,,,,,1159,3,3,2,1,,,,,,,
1157,,,,,,1160,2,3,3,2,,,,,,,
1158,,,,,,1161,1,2,3,3,,,,,,,
1159,,,,,,1162,3,1,2,3,,,,,,,
1160,,,,,,1163,1,3,1,2,,,,,,,
1161,,,,,,1164,2,1,3,1,,,,,,,
1162,,,,,,1165,3,2,1,3,,,,,,,
1163,,,,,,1166,2,3,2,1,,,,,,,
1164,,,,,,1167,1,2,3,2,,,,,,,
1165,,,,,,1168,3,1,2,3,,,,,,,
1166,,,,,,1169,2,3,1,2,,,,,,,
1167,,,,,,1170,2,2,3,1,,,,,,,
1168,,,,,,1171,3,2,2,3,,,,,,,
1169,,,,,,1172,1,3,2,2,,,,,,,
1170,,,,,,1173,1,1,3,2,,,,,,,
1171,,,,,,1174,2,1,1,3,,,,,,,
1172,,,,,,1175,3,2,1,1,,,,,,,
1173,,,,,,1176,2,3,2,1,,,,,,,
1174,,,,,,1177,1,2,3,2,,,,,,,
1175,,,,,,1178,3,1,2,3,,,,,,,
1176,,,,,,1179,2,3,1,2,,,,,,,
1177,,,,,,1180,3,2,3,1,,,,,,,
1178,,,,,,1181,2,3,2,3,,,,,,,
1179,,,,,,1182,1,2,3,2,,,,,,,
1180,,,,,,1183,3,1,2,3,,,,,,,
1181,,,,,,1184,3,3,1,2,,,,,,,
1182,,,,,,1185,2,3,3,1,,,,,,,
1183,,,,,,1186,1,2,3,3,,,,,,,
1184,,,,,,1187,3,1,2,3,,,,,,,
1185,,,,,,1188,1,3,1,2,,,,,,,
1186,,,,,,1189,2,1,3,1,,,,,,,
1187,,,,,,1190,3,2,1,3,,,,,,,
1188,,,,,,1191,2,3,2,1,,,,,,,
1189,,,,,,1192,1,2,3,2,,,,,,,
1190,,,,,,1193,1,1,2,3,,,,,,,
1191,,,,,,1194,2,1,1,2,,,,,,,
1192,,,,,,1195,3,2,1,1,,,,,,,
1193,,,,,,1196,2,3,2,1,,,,,,,
1194,,,,,,1197,2,2,3,2,,,,,,,
1195,,,,,,1198,1,2,2,3,,,,,,,
1196,,,,,,1199,3,1,2,2,,,,,,,
1197,,,,,,1200,3,3,1,2,,,,,,,
1198,,,,,,1201,1,3,3,1,,,,,,,
1199,,,,,,1202,2,1,3,3,,,,,,,
1200,,,,,,1203,3,2,1,3,,,,,,,
1201,,,,,,1204,2,3,2,1,,,,,,,
1202,,,,,,1205,1,2,3,2,,,,,,,
1203,,,,,,1206,3,1,2,3,,,,,,,
1204,,,,,,1207,2,3,1,2,,,,,,,
1205,,,,,,1208,3,2,3,1,,,,,,,
1206,,,,,,1209,1,3,2,3,,,,,,,
1207,,,,,,1210,1,1,3,2,,,,,,,
1208,,,,,,1211,2,1,1,3,,,,,,,
1209,,,,,,1212,3,2,1,1,,,,,,,
1210,,,,,,1213,3,3,2,1,,,,,,,
1211,,,,,,1214,1,3,3,2,,,,,,,
1212,,,,,,1215,2,1,3,3,,,,,,,
1213,,,,,,1216,3,2,1,3,,,,,,,
1214,,,,,,1217,1,3,2,1,,,,,,,
1215,,,,,,1218,1,1,3,2,,,,,,,
1216,,,,,,1219,2,1,1,3,,,,,,,
1217,,,,,,1220,3,2,1,1,,,,,,,
1218,,,,,,1221,2,3,2,1,,,,,,,
1219,,,,,,1222,3,2,3,2,,,,,,,
1220,,,,,,1223,1,3,2,3,,,,,,,
1221,,,,,,1224,2,1,3,2,,,,,,,
1222,,,,,,1225,2,2,1,3,,,,,,,
1223,,,,,,1226,3,2,2,1,,,,,,,
1224,,,,,,1227,1,3,2,2,,,,,,,
1225,,,,,,1228,1,1,3,2,,,,,,,
1226,,,,,,1229,3,1,1,3,,,,,,,
1227,,,,,,1230,2,3,1,1,,,,,,,
1228,,,,,,1231,1,2,3,1,,,,,,,
1229,,,,,,1232,3,1,2,3,,,,,,,
1230,,,,,,1233,3,3,1,2,,,,,,,
1231,,,,,,1234,2,3,3,1,,,,,,,
1232,,,,,,1235,2,2,3,3,,,,,,,
1233,,,,,,1236,1,2,2,3,,,,,,,
1234,,,,,,1237,1,1,2,2,,,,,,,
1235,,,,,,1238,3,1,1,2,,,,,,,
1236,,,,,,1239,1,3,1,1,,,,,,,
1237,,,,,,1240,2,1,3,1,,,,,,,
1238,,,,,,1241,3,2,1,3,,,,,,,
1239,,,,,,1242,1,3,2,1,,,,,,,
1240,,,,,,1243,3,1,3,2,,,,,,,
1241,,,,,,1244,2,3,1,3,,,,,,,
1242,,,,,,1245,2,2,3,1,,,,,,,
1243,,,,,,1246,1,2,2,3,,,,,,,
1244,,,,,,1247,2,1,2,2,,,,,,,
1245,,,,,,1248,3,2,1,2,,,,,,,
1246,,,,,,1249,3,3,2,1,,,,,,,
1247,,,,,,1250,2,3,3,2,,,,,,,
1248,,,,,,1251,1,2,3,3,,,,,,,
1249,,,,,,1252,2,1,2,3,,,,,,,
1250,,,,,,1253,1,2,1,2,,,,,,,
1251,,,,,,1254,3,1,2,1,,,,,,,
1252,,,,,,1255,3,3,1,2,,,,,,,
1253,,,,,,1256,1,3,3,1,,,,,,,
1254,,,,,,1257,2,1,3,3,,,,,,,
1255,,,,,,1258,3,2,1,3,,,,,,,
1256,,,,,,1259,2,3,2,1,,,,,,,
1257,,,,,,1260,1,2,3,2,,,,,,,
1258,,,,,,1261,2,1,2,3,,,,,,,
1259,,,,,,1262,3,2,1,2,,,,,,,
1260,,,,,,1263,3,3,2,1,,,,,,,
1261,,,,,,1264,1,3,3,2,,,,,,,
1262,,,,,,1265,1,1,3,3,,,,,,,
1263,,,,,,1266,2,1,1,3,,,,,,,
1264,,,,,,1267,3,2,1,1,,,,,,,
1265,,,,,,1268,1,3,2,1,,,,,,,
1266,,,,,,1269,2,1,3,2,,,,,,,
1267,,,,,,1270,2,2,1,3,,,,,,,
1268,,,,,,1271,1,2,2,1,,,,,,,
1269,,,,,,1272,3,1,2,2,,,,,,,
1270,,,,,,1273,3,3,1,2,,,,,,,
1271,,,,,,1274,1,3,3,1,,,,,,,
1272,,,,,,1275,2,1,3,3,,,,,,,
1273,,,,,,1276,2,2,1,3,,,,,,,
1274,,,,,,1277,3,2,2,1,,,,,,,
1275,,,,,,1278,1,3,2,2,,,,,,,
1276,,,,,,1279,2,1,3,2,,,,,,,
1277,,,,,,1280,2,2,1,3,,,,,,,
1278,,,,,,1281,3,2,2,1,,,,,,,
1279,,,,,,1282,1,3,2,2,,,,,,,
1280,,,,,,1283,1,1,3,2,,,,,,,
1281,,,,,,1284,2,1,1,3,,,,,,,
1282,,,,,,1285,3,2,1,1,,,,,,,
1283,,,,,,1286,1,3,2,1,,,,,,,
1284,,,,,,1287,2,1,3,2,,,,,,,
1285,,,,,,1288,3,2,1,3,,,,,,,
1286,,,,,,1289,2,3,2,1,,,,,,,
1287,,,,,,1290,1,2,3,2,,,,,,,
1288,,,,,,1291,3,1,2,3,,,,,,,
1289,,,,,,1292,3,3,1,2,,,,,,,
1290,,,,,,1293,2,3,3,1,,,,,,,
1291,,,,,,1294,1,2,3,3,,,,,,,
1292,,,,,,1295,3,1,2,3,,,,,,,
1293,,,,,,1296,1,3,1,2,,,,,,,
1294,,,,,,1297,2,1,3,1,,,,,,,
1295,,,,,,1298,1,2,1,3,,,,,,,
1296,,,,,,1299,3,1,2,1,,,,,,,
1297,,,,,,1300,2,3,1,2,,,,,,,
1298,,,,,,1301,3,2,3,1,,,,,,,
1299,,,,,,1302,1,3,2,3,,,,,,,
1300,,,,,,1303,1,1,3,2,,,,,,,
1301,,,,,,1304,2,1,1,3,,,,,,,
1302,,,,,,1305,3,2,1,1,,,,,,,
1303,,,,,,1306,2,3,2,1,,,,,,,
1304,,,,,,1307,1,2,3,2,,,,,,,
1305,,,,,,1308,3,1,2,3,,,,,,,
1306,,,,,,1309,2,3,1,2,,,,,,,
1307,,,,,,1310,2,2,3,1,,,,,,,
1308,,,,,,1311,3,2,2,3,,,,,,,
1309,,,,,,1312,1,3,2,2,,,,,,,
1310,,,,,,1313,1,1,3,2,,,,,,,
1311,,,,,,1314,2,1,1,3,,,,,,,
1312,,,,,,1315,3,2,1,1,,,,,,,
1313,,,,,,1316,1,3,2,1,,,,,,,
1314,,,,,,1317,2,1,3,2,,,,,,,
1315,,,,,,1318,3,2,1,3,,,,,,,
1316,,,,,,1319,2,3,2,1,,,,,,,
1317,,,,,,1320,3,2,3,2,,,,,,,
1318,,,,,,1321,1,3,2,3,,,,,,,
1319,,,,,,1322,3,1,3,2,,,,,,,
1320,,,,,,1323,2,3,1,3,,,,,,,
1321,,,,,,1324,2,2,3,1,,,,,,,
1322,,,,,,1325,1,2,2,3,,,,,,,
1323,,,,,,1326,3,1,2,2,,,,,,,
1324,,,,,,1327,3,3,1,2,,,,,,,
1325,,,,,,1328,2,3,3,1,,,,,,,
1326,,,,,,1329,2,2,3,3,,,,,,,
1327,,,,,,1330,3,2,2,3,,,,,,,
1328,,,,,,1331,1,3,2,2,,,,,,,
1329,,,,,,1332,1,1,3,2,,,,,,,
1330,,,,,,1333,2,1,1,3,,,,,,,
1331,,,,,,1334,3,2,1,1,,,,,,,
1332,,,,,,1335,2,3,2,1,,,,,,,
1333,,,,,,1336,1,2,3,2,,,,,,,
1334,,,,,,1337,3,1,2,3,,,,,,,
1335,,,,,,1338,2,3,1,2,,,,,,,
1336,,,,,,1339,3,2,3,1,,,,,,,
1337,,,,,,1340,1,3,2,3,,,,,,,
1338,,,,,,1341,1,1,3,2,,,,,,,
1339,,,,,,1342,2,1,1,3,,,,,,,
1340,,,,,,1343,3,2,1,1,,,,,,,
1341,,,,,,1344,1,3,2,1,,,,,,,
1342,,,,,,1345,3,1,3,2,,,,,,,
1343,,,,,,1346,2,3,1,3,,,,,,,
1344,,,,,,1347,2,2,3,1,,,,,,,
1345,,,,,,1348,1,2,2,3,,,,,,,
1346,,,,,,1349,3,1,2,2,,,,,,,
1347,,,,,,1350,3,3,1,2,,,,,,,
1348,,,,,,1351,1,3,3,1,,,,,,,
1349,,,,,,1352,2,1,3,3,,,,,,,
1350,,,,,,1353,3,2,1,3,,,,,,,
1351,,,,,,1354,2,3,2,1,,,,,,,
1352,,,,,,1355,1,2,3,2,,,,,,,
1353,,,,,,1356,2,1,2,3,,,,,,,
1354,,,,,,1357,3,2,1,2,,,,,,,
1355,,,,,,1358,1,3,2,1,,,,,,,
1356,,,,,,1359,1,1,3,2,,,,,,,
1357,,,,,,1360,2,1,1,3,,,,,,,
1358,,,,,,1361,2,2,1,1,,,,,,,
1359,,,,,,1362,3,2,2,1,,,,,,,
1360,,,,,,1363,3,3,2,2,,,,,,,
1361,,,,,,1364,1,3,3,2,,,,,,,
1362,,,,,,1365,2,1,3,3,,,,,,,
1363,,,,,,1366,2,2,1,3,,,,,,,
1364,,,,,,1367,1,2,2,1,,,,,,,
1365,,,,,,1368,3,1,2,2,,,,,,,
1366,,,,,,1369,2,3,1,2,,,,,,,
1367,,,,,,1370,3,2,3,1,,,,,,,
1368,,,,,,1371,1,3,2,3,,,,,,,
1369,,,,,,1372,1,1,3,2,,,,,,,
1370,,,,,,1373,2,1,1,3,,,,,,,
1371,,,,,,1374,2,2,1,1,,,,,,,
1372,,,,,,1375,3,2,2,1,,,,,,,
1373,,,,,,1376,2,3,2,2,,,,,,,
1374,,,,,,1377,1,2,3,2,,,,,,,
1375,,,,,,1378,3,1,2,3,,,,,,,
1376,,,,,,1379,2,3,1,2,,,,,,,
1377,,,,,,1380,2,2,3,1,,,,,,,
1378,,,,,,1381,3,2,2,3,,,,,,,
1379,,,,,,1382,1,3,2,2,,,,,,,
1380,,,,,,1383,2,1,3,2,,,,,,,
1381,,,,,,1384,1,2,1,3,,,,,,,
1382,,,,,,1385,3,1,2,1,,,,,,,
1383,,,,,,1386,,,,,,,,,,,
1384,,,,,,1387,,,,,,,,,,,
1385,,,,,,1388,,,,,,,,,,,
1386,,,,,,1389,,,,,,,,,,,
1387,,,,,,1390,,,,,,,,,,,
1388,,,,,,1391,,,,,,,,,,,
1389,,,,,,1392,,,,,,,,,,,
1390,,,,,,1393,,,,,,,,,,,
1391,,,,,,1394,,,,,,,,,,,
1392,,,,,,1395,,,,,,,,,,,
1393,,,,,,1396,,,,,,,,,,,
1394,,,,,,1397,,,,,,,,,,,
1395,,,,,,1398,,,,,,,,,,,
1396,,,,,,1399,,,,,,,,,,,
1397,,,,,,1400,,,,,,,,,,,
1398,,,,,,1401,,,,,,,,,,,
1399,,,,,,1402,,,,,,,,,,,
1400,,,,,,1403,,,,,,,,,,,
1401,,,,,,1404,,,,,,,,,,,
1402,,,,,,1405,,,,,,,,,,,
1403,,,,,,1406,,,,,,,,,,,
1404,,,,,,1407,,,,,,,,,,,
1405,,,,,,1408,,,,,,,,,,,
1406,,,,,,1409,,,,,,,,,,,
1407,,,,,,1410,,,,,,,,,,,
1408,,,,,,1411,,,,,,,,,,,
1409,,,,,,1412,,,,,,,,,,,
1410,,,,,,1413,,,,,,,,,,,
1411,,,,,,1414,,,,,,,,,,,
1412,,,,,,1415,,,,,,,,,,,
1413,,,,,,1416,,,,,,,,,,,
1414,,,,,,1417,,,,,,,,,,,
1415,,,,,,1418,,,,,,,,,,,
1416,,,,,,1419,,,,,,,,,,,
1417,,,,,,1420,,,,,,,,,,,
1418,,,,,,1421,,,,,,,,,,,
1419,,,,,,1422,,,,,,,,,,,
1420,,,,,,1423,,,,,,,,,,,
1421,,,,,,1424,,,,,,,,,,,
1422,,,,,,1425,,,,,,,,,,,
1423,,,,,,1426,,,,,,,,,,,
1424,,,,,,1427,,,,,,,,,,,
1425,,,,,,1428,,,,,,,,,,,
1426,,,,,,1429,,,,,,,,,,,
1427,,,,,,1430,,,,,,,,,,,
1428,,,,,,1431,,,,,,,,,,,
1429,,,,,,1432,,,,,,,,,,,
1430,,,,,,1433,,,,,,,,,,,
1431,,,,,,1434,,,,,,,,,,,
1432,,,,,,1435,,,,,,,,,,,
1433,,,,,,1436,,,,,,,,,,,
1434,,,,,,1437,,,,,,,,,,,
1435,,,,,,1438,,,,,,,,,,,
1436,,,,,,1439,,,,,,,,,,,
1437,,,,,,1440,,,,,,,,,,,
1438,,,,,,1441,,,,,,,,,,,
1439,,,,,,1442,,,,,,,,,,,
1440,,,,,,1443,,,,,,,,,,,
1441,,,,,,1444,,,,,,,,,,,
1442,,,,,,1445,,,,,,,,,,,
1443,,,,,,1446,,,,,,,,,,,
1444,,,,,,1447,,,,,,,,,,,
1445,,,,,,1448,,,,,,,,,,,
1446,,,,,,1449,,,,,,,,,,,
1447,,,,,,1450,,,,,,,,,,,
1448,,,,,,1451,,,,,,,,,,,
1449,,,,,,1452,,,,,,,,,,,
1450,,,,,,1453,,,,,,,,,,,
1451,,,,,,1454,,,,,,,,,,,
1452,,,,,,1455,,,,,,,,,,,
1453,,,,,,1456,,,,,,,,,,,
1454,,,,,,1457,,,,,,,,,,,
1455,,,,,,1458,,,,,,,,,,,
1456,,,,,,1459,,,,,,,,,,,
1457,,,,,,1460,,,,,,,,,,,
1458,,,,,,1461,,,,,,,,,,,
1459,,,,,,1462,,,,,,,,,,,
1460,,,,,,1463,,,,,,,,,,,
1461,,,,,,1464,,,,,,,,,,,
1462,,,,,,1465,,,,,,,,,,,
1463,,,,,,1466,,,,,,,,,,,
1464,,,,,,1467,,,,,,,,,,,
1465,,,,,,1468,,,,,,,,,,,
1466,,,,,,1469,,,,,,,,,,,
1467,,,,,,1470,,,,,,,,,,,
1468,,,,,,1471,,,,,,,,,,,
1469,,,,,,1472,,,,,,,,,,,
1470,,,,,,1473,,,,,,,,,,,
1471,,,,,,1474,,,,,,,,,,,
1472,,,,,,1475,,,,,,,,,,,
1473,,,,,,1476,,,,,,,,,,,
1474,,,,,,1477,,,,,,,,,,,
1475,,,,,,1478,,,,,,,,,,,
1476,,,,,,1479,,,,,,,,,,,
1477,,,,,,1480,,,,,,,,,,,
1478,,,,,,1481,,,,,,,,,,,
1479,,,,,,1482,,,,,,,,,,,
1480,,,,,,1483,,,,,,,,,,,
1481,,,,,,1484,,,,,,,,,,,
1482,,,,,,1485,,,,,,,,,,,
1483,,,,,,1486,,,,,,,,,,,
1484,,,,,,1487,,,,,,,,,,,
1485,,,,,,1488,,,,,,,,,,,
1486,,,,,,1489,,,,,,,,,,,
1487,,,,,,1490,,,,,,,,,,,
1488,,,,,,1491,,,,,,,,,,,
1489,,,,,,1492,,,,,,,,,,,
1490,,,,,,1493,,,,,,,,,,,
1491,,,,,,1494,,,,,,,,,,,
1492,,,,,,1495,,,,,,,,,,,
1493,,,,,,1496,,,,,,,,,,,
1494,,,,,,1497,,,,,,,,,,,
1495,,,,,,1498,,,,,,,,,,,
1496,,,,,,1499,,,,,,,,,,,
1497,,,,,,1500,,,,,,,,,,,
1498,,,,,,1501,,,,,,,,,,,
1499,,,,,,1502,,,,,,,,,,,
1500,,,,,,1503,,,,,,,,,,,
1501,,,,,,1504,,,,,,,,,,,
1502,,,,,,1505,,,,,,,,,,,
1503,,,,,,1506,,,,,,,,,,,
1504,,,,,,1507,,,,,,,,,,,
1505,,,,,,1508,,,,,,,,,,,
1506,,,,,,1509,,,,,,,,,,,
1507,,,,,,1510,,,,,,,,,,,
1508,,,,,,1511,,,,,,,,,,,
1509,,,,,,1512,,,,,,,,,,,
1510,,,,,,1513,,,,,,,,,,,
1511,,,,,,1514,,,,,,,,,,,
1512,,,,,,1515,,,,,,,,,,,
1513,,,,,,1516,,,,,,,,,,,
1514,,,,,,1517,,,,,,,,,,,
1515,,,,,,1518,,,,,,,,,,,
1516,,,,,,1519,,,,,,,,,,,
1517,,,,,,1520,,,,,,,,,,,
1518,,,,,,1521,,,,,,,,,,,
1519,,,,,,1522,,,,,,,,,,,
1520,,,,,,1523,,,,,,,,,,,
1521,,,,,,1524,,,,,,,,,,,
1522,,,,,,1525,,,,,,,,,,,
1523,,,,,,1526,,,,,,,,,,,
1524,,,,,,1527,,,,,,,,,,,
1525,,,,,,1528,,,,,,,,,,,
1526,,,,,,1529,,,,,,,,,,,
1527,,,,,,1530,,,,,,,,,,,
1528,,,,,,1531,,,,,,,,,,,
1529,,,,,,1532,,,,,,,,,,,
1530,,,,,,1533,,,,,,,,,,,
1531,,,,,,1534,,,,,,,,,,,
1532,,,,,,1535,,,,,,,,,,,
1533,,,,,,1536,,,,,,,,,,,
1534,,,,,,1537,,,,,,,,,,,
1535,,,,,,1538,,,,,,,,,,,
1536,,,,,,1539,,,,,,,,,,,
1537,,,,,,1540,,,,,,,,,,,
1538,,,,,,1541,,,,,,,,,,,
1539,,,,,,1542,,,,,,,,,,,
1540,,,,,,1543,,,,,,,,,,,
1541,,,,,,1544,,,,,,,,,,,
1542,,,,,,1545,,,,,,,,,,,
1543,,,,,,1546,,,,,,,,,,,
1544,,,,,,1547,,,,,,,,,,,
1545,,,,,,1548,,,,,,,,,,,
1546,,,,,,1549,,,,,,,,,,,
1547,,,,,,1550,,,,,,,,,,,
1548,,,,,,1551,,,,,,,,,,,
1549,,,,,,1552,,,,,,,,,,,
1550,,,,,,1553,,,,,,,,,,,
1551,,,,,,1554,,,,,,,,,,,
1552,,,,,,1555,,,,,,,,,,,
1553,,,,,,1556,,,,,,,,,,,
1554,,,,,,1557,,,,,,,,,,,
1555,,,,,,1558,,,,,,,,,,,
1556,,,,,,1559,,,,,,,,,,,
1557,,,,,,1560,,,,,,,,,,,
1558,,,,,,1561,,,,,,,,,,,
1559,,,,,,1562,,,,,,,,,,,
1560,,,,,,1563,,,,,,,,,,,
1561,,,,,,1564,,,,,,,,,,,
1562,,,,,,1565,,,,,,,,,,,
1563,,,,,,1566,,,,,,,,,,,
1564,,,,,,1567,,,,,,,,,,,
1565,,,,,,1568,,,,,,,,,,,
1566,,,,,,1569,,,,,,,,,,,
1567,,,,,,1570,,,,,,,,,,,
1568,,,,,,1571,,,,,,,,,,,
1569,,,,,,1572,,,,,,,,,,,
1570,,,,,,1573,,,,,,,,,,,
1571,,,,,,1574,,,,,,,,,,,
1572,,,,,,1575,,,,,,,,,,,
1573,,,,,,1576,,,,,,,,,,,
1574,,,,,,1577,,,,,,,,,,,
1575,,,,,,1578,,,,,,,,,,,
1576,,,,,,1579,,,,,,,,,,,
1577,,,,,,1580,,,,,,,,,,,
1578,,,,,,1581,,,,,,,,,,,
1579,,,,,,1582,,,,,,,,,,,
1580,,,,,,1583,,,,,,,,,,,
1581,,,,,,1584,,,,,,,,,,,
1582,,,,,,1585,,,,,,,,,,,
1583,,,,,,1586,,,,,,,,,,,
1584,,,,,,1587,,,,,,,,,,,
1585,,,,,,1588,,,,,,,,,,,
1586,,,,,,1589,,,,,,,,,,,
1587,,,,,,1590,,,,,,,,,,,
1588,,,,,,1591,,,,,,,,,,,
1589,,,,,,1592,,,,,,,,,,,
1590,,,,,,1593,,,,,,,,,,,
1591,,,,,,1594,,,,,,,,,,,
1592,,,,,,1595,,,,,,,,,,,
1593,,,,,,1596,,,,,,,,,,,
1594,,,,,,1597,,,,,,,,,,,
1595,,,,,,1598,,,,,,,,,,,
1596,,,,,,1599,,,,,,,,,,,
1597,,,,,,1600,,,,,,,,,,,
1598,,,,,,1601,,,,,,,,,,,
1599,,,,,,1602,,,,,,,,,,,
1600,,,,,,1603,,,,,,,,,,,
1601,,,,,,1604,,,,,,,,,,,
1602,,,,,,1605,,,,,,,,,,,
1603,,,,,,1606,,,,,,,,,,,
1604,,,,,,1607,,,,,,,,,,,
1605,,,,,,1608,,,,,,,,,,,
1606,,,,,,1609,,,,,,,,,,,
1607,,,,,,1610,,,,,,,,,,,
1608,,,,,,1611,,,,,,,,,,,
1609,,,,,,1612,,,,,,,,,,,
1610,,,,,,1613,,,,,,,,,,,
1611,,,,,,1614,,,,,,,,,,,
1612,,,,,,1615,,,,,,,,,,,
1613,,,,,,1616,,,,,,,,,,,
1614,,,,,,1617,,,,,,,,,,,
1615,,,,,,1618,,,,,,,,,,,
1616,,,,,,1619,,,,,,,,,,,
1617,,,,,,1620,,,,,,,,,,,
1618,,,,,,1621,,,,,,,,,,,
1619,,,,,,,,,,,,,,,,,
1620,,,,,,,,,,,,,,,,,
1621,,,,,,,,,,,,,,,,,
1622,,,,,,,,,,,,,,,,,
1623,,,,,,,,,,,,,,,,,
1624,,,,,,,,,,,,,,,,,
1625,,,,,,,,,,,,,,,,,
1626,,,,,,,,,,,,,,,,,
1627,,,,,,,,,,,,,,,,,
1628,,,,,,,,,,,,,,,,,
1629,,,,,,,,,,,,,,,,,
1630,,,,,,,,,,,,,,,,,
1631,,,,,,,,,,,,,,,,,
1632,,,,,,,,,,,,,,,,,
1633,,,,,,,,,,,,,,,,,
1634,,,,,,,,,,,,,,,,,
1635,,,,,,,,,,,,,,,,,
1636,,,,,,,,,,,,,,,,,
1637,,,,,,,,,,,,,,,,,
1638,,,,,,,,,,,,,,,,,
1639,,,,,,,,,,,,,,,,,
1640,,,,,,,,,,,,,,,,,
1641,,,,,,,,,,,,,,,,,
1642,,,,,,,,,,,,,,,,,
1643,,,,,,,,,,,,,,,,,
1644,,,,,,,,,,,,,,,,,
1645,,,,,,,,,,,,,,,,,
1646,,,,,,,,,,,,,,,,,
1647,,,,,,,,,,,,,,,,,
1648,,,,,,,,,,,,,,,,,
1649,,,,,,,,,,,,,,,,,
1650,,,,,,,,,,,,,,,,,
1651,,,,,,,,,,,,,,,,,
1652,,,,,,,,,,,,,,,,,
1653,,,,,,,,,,,,,,,,,
1654,,,,,,,,,,,,,,,,,
1655,,,,,,,,,,,,,,,,,
1656,,,,,,,,,,,,,,,,,
1657,,,,,,,,,,,,,,,,,
1658,,,,,,,,,,,,,,,,,
1659,,,,,,,,,,,,,,,,,
1660,,,,,,,,,,,,,,,,,
1661,,,,,,,,,,,,,,,,,
1662,,,,,,,,,,,,,,,,,
1663,,,,,,,,,,,,,,,,,
1664,,,,,,,,,,,,,,,,,
1665,,,,,,,,,,,,,,,,,
1666,,,,,,,,,,,,,,,,,
1667,,,,,,,,,,,,,,,,,
1668,,,,,,,,,,,,,,,,,
1669,,,,,,,,,,,,,,,,,
1670,,,,,,,,,,,,,,,,,
1671,,,,,,,,,,,,,,,,,
1672,,,,,,,,,,,,,,,,,
1673,,,,,,,,,,,,,,,,,
1674,,,,,,,,,,,,,,,,,
1675,,,,,,,,,,,,,,,,,
1676,,,,,,,,,,,,,,,,,
1677,,,,,,,,,,,,,,,,,
1678,,,,,,,,,,,,,,,,,
1679,,,,,,,,,,,,,,,,,
1680,,,,,,,,,,,,,,,,,
1681,,,,,,,,,,,,,,,,,
1682,,,,,,,,,,,,,,,,,
1683,,,,,,,,,,,,,,,,,
1684,,,,,,,,,,,,,,,,,
1685,,,,,,,,,,,,,,,,,
1686,,,,,,,,,,,,,,,,,
1687,,,,,,,,,,,,,,,,,
1688,,,,,,,,,,,,,,,,,
1689,,,,,,,,,,,,,,,,,
1690,,,,,,,,,,,,,,,,,
1691,,,,,,,,,,,,,,,,,
1692,,,,,,,,,,,,,,,,,
1693,,,,,,,,,,,,,,,,,
1694,,,,,,,,,,,,,,,,,
1695,,,,,,,,,,,,,,,,,
1696,,,,,,,,,,,,,,,,,
1697,,,,,,,,,,,,,,,,,
1698,,,,,,,,,,,,,,,,,
1699,,,,,,,,,,,,,,,,,
1700,,,,,,,,,,,,,,,,,
1701,,,,,,,,,,,,,,,,,
1702,,,,,,,,,,,,,,,,,
1703,,,,,,,,,,,,,,,,,
1704,,,,,,,,,,,,,,,,,
1705,,,,,,,,,,,,,,,,,
1706,,,,,,,,,,,,,,,,,
1707,,,,,,,,,,,,,,,,,
1708,,,,,,,,,,,,,,,,,
1709,,,,,,,,,,,,,,,,,
1710,,,,,,,,,,,,,,,,,
1711,,,,,,,,,,,,,,,,,
1712,,,,,,,,,,,,,,,,,
1713,,,,,,,,,,,,,,,,,
1714,,,,,,,,,,,,,,,,,
1715,,,,,,,,,,,,,,,,,
1716,,,,,,,,,,,,,,,,,
1717,,,,,,,,,,,,,,,,,
1718,,,,,,,,,,,,,,,,,
1719,,,,,,,,,,,,,,,,,
1720,,,,,,,,,,,,,,,,,
1721,,,,,,,,,,,,,,,,,
1722,,,,,,,,,,,,,,,,,
1723,,,,,,,,,,,,,,,,,
1724,,,,,,,,,,,,,,,,,
1725,,,,,,,,,,,,,,,,,
1726,,,,,,,,,,,,,,,,,
1727,,,,,,,,,,,,,,,,,
1728,,,,,,,,,,,,,,,,,
1729,,,,,,,,,,,,,,,,,
1730,,,,,,,,,,,,,,,,,
1731,,,,,,,,,,,,,,,,,
1732,,,,,,,,,,,,,,,,,
1733,,,,,,,,,,,,,,,,,
1734,,,,,,,,,,,,,,,,,
1735,,,,,,,,,,,,,,,,,
1736,,,,,,,,,,,,,,,,,
1737,,,,,,,,,,,,,,,,,
1738,,,,,,,,,,,,,,,,,
1739,,,,,,,,,,,,,,,,,
1740,,,,,,,,,,,,,,,,,
1741,,,,,,,,,,,,,,,,,
1742,,,,,,,,,,,,,,,,,
1743,,,,,,,,,,,,,,,,,
1744,,,,,,,,,,,,,,,,,
1745,,,,,,,,,,,,,,,,,
1746,,,,,,,,,,,,,,,,,
1747,,,,,,,,,,,,,,,,,
1748,,,,,,,,,,,,,,,,,
1749,,,,,,,,,,,,,,,,,
1750,,,,,,,,,,,,,,,,,
1751,,,,,,,,,,,,,,,,,
1752,,,,,,,,,,,,,,,,,
1753,,,,,,,,,,,,,,,,,
1754,,,,,,,,,,,,,,,,,
1755,,,,,,,,,,,,,,,,,
1756,,,,,,,,,,,,,,,,,
1757,,,,,,,,,,,,,,,,,
1758,,,,,,,,,,,,,,,,,
1759,,,,,,,,,,,,,,,,,
1760,,,,,,,,,,,,,,,,,
1761,,,,,,,,,,,,,,,,,
1762,,,,,,,,,,,,,,,,,
1763,,,,,,,,,,,,,,,,,
1764,,,,,,,,,,,,,,,,,
1765,,,,,,,,,,,,,,,,,
1766,,,,,,,,,,,,,,,,,
1767,,,,,,,,,,,,,,,,,
1768,,,,,,,,,,,,,,,,,
1769,,,,,,,,,,,,,,,,,
1770,,,,,,,,,,,,,,,,,
1771,,,,,,,,,,,,,,,,,
1772,,,,,,,,,,,,,,,,,
1773,,,,,,,,,,,,,,,,,
1774,,,,,,,,,,,,,,,,,
1775,,,,,,,,,,,,,,,,,
1776,,,,,,,,,,,,,,,,,
1777,,,,,,,,,,,,,,,,,
1778,,,,,,,,,,,,,,,,,
1779,,,,,,,,,,,,,,,,,
1780,,,,,,,,,,,,,,,,,
1781,,,,,,,,,,,,,,,,,
1782,,,,,,,,,,,,,,,,,
1783,,,,,,,,,,,,,,,,,
1784,,,,,,,,,,,,,,,,,
1785,,,,,,,,,,,,,,,,,
1786,,,,,,,,,,,,,,,,,
1787,,,,,,,,,,,,,,,,,
1788,,,,,,,,,,,,,,,,,
1789,,,,,,,,,,,,,,,,,
1790,,,,,,,,,,,,,,,,,
1791,,,,,,,,,,,,,,,,,
1792,,,,,,,,,,,,,,,,,
1793,,,,,,,,,,,,,,,,,
1794,,,,,,,,,,,,,,,,,
1795,,,,,,,,,,,,,,,,,
1796,,,,,,,,,,,,,,,,,
1797,,,,,,,,,,,,,,,,,
1798,,,,,,,,,,,,,,,,,
1799,,,,,,,,,,,,,,,,,
1800,,,,,,,,,,,,,,,,,
1801,,,,,,,,,,,,,,,,,
1802,,,,,,,,,,,,,,,,,
1803,,,,,,,,,,,,,,,,,
1804,,,,,,,,,,,,,,,,,
1805,,,,,,,,,,,,,,,,,
1806,,,,,,,,,,,,,,,,,
1807,,,,,,,,,,,,,,,,,
1808,,,,,,,,,,,,,,,,,
1809,,,,,,,,,,,,,,,,,
1810,,,,,,,,,,,,,,,,,
1811,,,,,,,,,,,,,,,,,
1812,,,,,,,,,,,,,,,,,
1813,,,,,,,,,,,,,,,,,
1814,,,,,,,,,,,,,,,,,
1815,,,,,,,,,,,,,,,,,
1816,,,,,,,,,,,,,,,,,
1817,,,,,,,,,,,,,,,,,
1818,,,,,,,,,,,,,,,,,
1819,,,,,,,,,,,,,,,,,
1820,,,,,,,,,,,,,,,,,
1821,,,,,,,,,,,,,,,,,
1822,,,,,,,,,,,,,,,,,
1823,,,,,,,,,,,,,,,,,
1824,,,,,,,,,,,,,,,,,
1825,,,,,,,,,,,,,,,,,
1826,,,,,,,,,,,,,,,,,
1827,,,,,,,,,,,,,,,,,
1828,,,,,,,,,,,,,,,,,
1829,,,,,,,,,,,,,,,,,
1830,,,,,,,,,,,,,,,,,
1831,,,,,,,,,,,,,,,,,
1832,,,,,,,,,,,,,,,,,
1833,,,,,,,,,,,,,,,,,
1834,,,,,,,,,,,,,,,,,
1835,,,,,,,,,,,,,,,,,
1836,,,,,,,,,,,,,,,,,
1837,,,,,,,,,,,,,,,,,
1838,,,,,,,,,,,,,,,,,
1839,,,,,,,,,,,,,,,,,
1840,,,,,,,,,,,,,,,,,
1841,,,,,,,,,,,,,,,,,
1842,,,,,,,,,,,,,,,,,
1843,,,,,,,,,,,,,,,,,
1844,,,,,,,,,,,,,,,,,
1845,,,,,,,,,,,,,,,,,
1846,,,,,,,,,,,,,,,,,
1847,,,,,,,,,,,,,,,,,
1848,,,,,,,,,,,,,,,,,
1849,,,,,,,,,,,,,,,,,
1850,,,,,,,,,,,,,,,,,
1851,,,,,,,,,,,,,,,,,
1852,,,,,,,,,,,,,,,,,
1853,,,,,,,,,,,,,,,,,
1854,,,,,,,,,,,,,,,,,
1855,,,,,,,,,,,,,,,,,
1856,,,,,,,,,,,,,,,,,
1857,,,,,,,,,,,,,,,,,
1858,,,,,,,,,,,,,,,,,
1859,,,,,,,,,,,,,,,,,
1860,,,,,,,,,,,,,,,,,
1861,,,,,,,,,,,,,,,,,
1862,,,,,,,,,,,,,,,,,
1863,,,,,,,,,,,,,,,,,
1864,,,,,,,,,,,,,,,,,
1865,,,,,,,,,,,,,,,,,
1866,,,,,,,,,,,,,,,,,
1867,,,,,,,,,,,,,,,,,
1868,,,,,,,,,,,,,,,,,
1869,,,,,,,,,,,,,,,,,
1870,,,,,,,,,,,,,,,,,
1871,,,,,,,,,,,,,,,,,
1872,,,,,,,,,,,,,,,,,
1873,,,,,,,,,,,,,,,,,
1874,,,,,,,,,,,,,,,,,
1875,,,,,,,,,,,,,,,,,
1876,,,,,,,,,,,,,,,,,
1877,,,,,,,,,,,,,,,,,
1878,,,,,,,,,,,,,,,,,
1879,,,,,,,,,,,,,,,,,
1880,,,,,,,,,,,,,,,,,
1881,,,,,,,,,,,,,,,,,
1882,,,,,,,,,,,,,,,,,
1883,,,,,,,,,,,,,,,,,
1884,,,,,,,,,,,,,,,,,
1885,,,,,,,,,,,,,,,,,
1886,,,,,,,,,,,,,,,,,
1887,,,,,,,,,,,,,,,,,
1888,,,,,,,,,,,,,,,,,
1889,,,,,,,,,,,,,,,,,
1890,,,,,,,,,,,,,,,,,
1891,,,,,,,,,,,,,,,,,
1892,,,,,,,,,,,,,,,,,
1893,,,,,,,,,,,,,,,,,
1894,,,,,,,,,,,,,,,,,
1895,,,,,,,,,,,,,,,,,
1896,,,,,,,,,,,,,,,,,
1897,,,,,,,,,,,,,,,,,
1898,,,,,,,,,,,,,,,,,
1899,,,,,,,,,,,,,,,,,
1900,,,,,,,,,,,,,,,,,
1901,,,,,,,,,,,,,,,,,
1902,,,,,,,,,,,,,,,,,
1903,,,,,,,,,,,,,,,,,
1904,,,,,,,,,,,,,,,,,
1905,,,,,,,,,,,,,,,,,
1906,,,,,,,,,,,,,,,,,
1907,,,,,,,,,,,,,,,,,
1908,,,,,,,,,,,,,,,,,
1909,,,,,,,,,,,,,,,,,
1910,,,,,,,,,,,,,,,,,
1911,,,,,,,,,,,,,,,,,
1912,,,,,,,,,,,,,,,,,
1913,,,,,,,,,,,,,,,,,
1914,,,,,,,,,,,,,,,,,
1915,,,,,,,,,,,,,,,,,
1916,,,,,,,,,,,,,,,,,
1917,,,,,,,,,,,,,,,,,
1918,,,,,,,,,,,,,,,,,
1919,,,,,,,,,,,,,,,,,
1920,,,,,,,,,,,,,,,,,
1921,,,,,,,,,,,,,,,,,
1922,,,,,,,,,,,,,,,,,
1923,,,,,,,,,,,,,,,,,
1924,,,,,,,,,,,,,,,,,
1925,,,,,,,,,,,,,,,,,
1926,,,,,,,,,,,,,,,,,
1927,,,,,,,,,,,,,,,,,
1928,,,,,,,,,,,,,,,,,
1929,,,,,,,,,,,,,,,,,
1930,,,,,,,,,,,,,,,,,
1931,,,,,,,,,,,,,,,,,
1932,,,,,,,,,,,,,,,,,
1933,,,,,,,,,,,,,,,,,
1934,,,,,,,,,,,,,,,,,
1935,,,,,,,,,,,,,,,,,
1936,,,,,,,,,,,,,,,,,
1937,,,,,,,,,,,,,,,,,
1938,,,,,,,,,,,,,,,,,
1939,,,,,,,,,,,,,,,,,
1940,,,,,,,,,,,,,,,,,
1941,,,,,,,,,,,,,,,,,
1942,,,,,,,,,,,,,,,,,
1943,,,,,,,,,,,,,,,,,
1944,,,,,,,,,,,,,,,,,
1945,,,,,,,,,,,,,,,,,
1946,,,,,,,,,,,,,,,,,
1947,,,,,,,,,,,,,,,,,
1948,,,,,,,,,,,,,,,,,
1949,,,,,,,,,,,,,,,,,
1950,,,,,,,,,,,,,,,,,
1951,,,,,,,,,,,,,,,,,
1952,,,,,,,,,,,,,,,,,
1953,,,,,,,,,,,,,,,,,
1954,,,,,,,,,,,,,,,,,
1955,,,,,,,,,,,,,,,,,
1956,,,,,,,,,,,,,,,,,
1957,,,,,,,,,,,,,,,,,
1958,,,,,,,,,,,,,,,,,
1959,,,,,,,,,,,,,,,,,
1960,,,,,,,,,,,,,,,,,
1961,,,,,,,,,,,,,,,,,
1962,,,,,,,,,,,,,,,,,
1963,,,,,,,,,,,,,,,,,
1964,,,,,,,,,,,,,,,,,
1965,,,,,,,,,,,,,,,,,
1966,,,,,,,,,,,,,,,,,
1967,,,,,,,,,,,,,,,,,
1968,,,,,,,,,,,,,,,,,
1969,,,,,,,,,,,,,,,,,
1970,,,,,,,,,,,,,,,,,
1971,,,,,,,,,,,,,,,,,
1972,,,,,,,,,,,,,,,,,
1973,,,,,,,,,,,,,,,,,
1974,,,,,,,,,,,,,,,,,
1975,,,,,,,,,,,,,,,,,
1976,,,,,,,,,,,,,,,,,
1977,,,,,,,,,,,,,,,,,
1978,,,,,,,,,,,,,,,,,
1979,,,,,,,,,,,,,,,,,
1980,,,,,,,,,,,,,,,,,
1981,,,,,,,,,,,,,,,,,
1982,,,,,,,,,,,,,,,,,
1983,,,,,,,,,,,,,,,,,
1984,,,,,,,,,,,,,,,,,
1985,,,,,,,,,,,,,,,,,
1986,,,,,,,,,,,,,,,,,
1987,,,,,,,,,,,,,,,,,
1988,,,,,,,,,,,,,,,,,
1989,,,,,,,,,,,,,,,,,
1990,,,,,,,,,,,,,,,,,
1991,,,,,,,,,,,,,,,,,
1992,,,,,,,,,,,,,,,,,
1993,,,,,,,,,,,,,,,,,
1994,,,,,,,,,,,,,,,,,
1995,,,,,,,,,,,,,,,,,
1996,,,,,,,,,,,,,,,,,
1997,,,,,,,,,,,,,,,,,
1998,,,,,,,,,,,,,,,,,
1999,,,,,,,,,,,,,,,,,
2000,,,,,,,,,,,,,,,,,
